AccountBalance,AccountID,AccountStatus,AccountType
25127.38,44363,open,D
25662.58,36801,open,D
3149.79,38963,open,D
870489.0,53464,open,L
714025.0,30787,open,L
788544.0,90141,open,W
1920996.0,9976,open,W
451584.0,25118,open,W
708964.0,97251,closed,W
2471184.0,30337,open,W
1582564.0,32765,open,W
528529.0,62917,open,W
1343281.0,65328,open,W
11450.19,55591,open,D
21866.26,36892,open,D
27846.57,43748,closed,D
28090.02,56566,open,D
1110916.0,47227,open,L
535824.0,12536,open,L
27551.15,2532,open,D
38256.43,30625,open,D
11107.74,36184,open,D
13174.91,51645,open,D
82348.24,5113,open,D
48206.06,7291,open,D
39498.91,58192,open,D
3412.64,47720,open,D
55871.9,50188,open,D
9553.17,22062,open,D
41249.28,9173,open,D
6327.69,35195,open,D
32516.21,2979,open,D
1373584.0,74287,open,L
990025.0,2653,open,L
828100.0,60291,open,L
275625.0,88830,closed,W
18343.86,20640,open,D
16128.06,13171,open,D
16227.93,16246,open,D
5335.81,66013,open,D
26132.03,23827,unknown,D
1075369.0,39622,open,L
1490841.0,91323,closed,L
1179396.0,38172,open,L
61204.31,6936,open,D
20411.09,33728,open,D
38743.35,38213,open,D
1425636.0,82522,open,L
25126.56,6405,closed,D
10731.26,74084,closed,D
30298.75,74962,open,D
2826.81,38369,open,D
17782.8,22449,open,D
1404225.0,29651,open,L
17564.94,38496,open,D
29891.6,63306,open,D
65815.97,18367,open,D
7147.22,24529,open,D
40853.2,10141,open,D
15820.35,12820,open,D
31504.28,75212,open,D
1210000.0,52809,open,L
469225.0,21128,open,L
38481.93,47064,open,D
34549.54,45079,open,D
14587.06,21642,open,D
5528.28,66164,open,D
12406.11,28537,open,D
1102500.0,44438,open,L
831744.0,59417,open,L
1687401.0,8067,unknown,L
88209.0,11847,open,W
2598544.0,58887,open,W
16047.44,84348,open,D
2775.81,34234,open,D
576081.0,20500,unknown,L
14827.04,37162,open,D
35764.82,6727,open,D
60688.45,76865,open,D
35632.63,76035,open,D
40173.92,39933,open,D
35959.38,73352,open,D
12938.48,54849,open,D
614656.0,23448,closed,L
777924.0,58160,open,L
17752.12,11855,open,D
19326.48,84330,open,D
17311.6,85447,open,D
1192464.0,8179,open,W
18361.87,47961,open,D
19637.0,71071,open,D
14486.32,26585,unknown,D
31332.73,16760,closed,D
7280.02,94628,open,D
9261.94,24565,open,D
927369.0,95932,open,L
933156.0,66488,closed,L
1000000.0,28094,open,L
1073296.0,11752,open,L
2531281.0,92638,open,W
948676.0,44676,open,W
1199025.0,91798,open,W
304704.0,77599,open,L
844561.0,81274,open,L
16050.35,25461,closed,D
12118.73,89291,open,D
48687.74,81566,unknown,D
21276.01,50744,open,D
26569.71,13912,open,D
24210.23,4430,open,D
2105401.0,99746,open,L
1162084.0,86932,open,L
758641.0,88020,open,L
931225.0,58311,open,L
286225.0,88184,open,W
249001.0,15878,open,W
698896.0,33542,open,W
2563201.0,64728,open,W
1212201.0,51097,open,W
986049.0,65747,closed,W
541696.0,46793,closed,W
1030225.0,53795,open,L
685584.0,59339,open,L
2160900.0,56448,open,L
1874161.0,22086,open,L
948676.0,98692,open,W
2886601.0,62174,open,W
16293.81,4702,open,D
16755.97,58293,open,D
19337.12,71531,open,D
15174.55,23795,open,D
33796.67,55719,open,D
21761.89,45495,open,D
26978.47,43259,open,D
14364.46,8257,open,D
10837.63,2681,closed,D
1170724.0,38879,open,L
727609.0,37101,open,W
1004004.0,39018,open,W
9052.04,36969,open,D
84077.44,95843,open,D
23386.14,4158,open,D
41946.73,66355,closed,D
19794.16,75259,open,D
37472.81,9911,open,D
992016.0,21108,open,W
633616.0,83831,open,W
1216609.0,45090,closed,W
22273.49,54085,open,D
31012.41,80873,open,D
17268.31,54345,open,D
42729.49,56698,open,D
27717.34,64604,open,D
10622.05,58387,open,D
405769.0,77242,open,W
1468944.0,68340,open,W
620944.0,65984,open,W
27161.53,81316,open,D
1338649.0,45591,open,L
1520289.0,27398,open,L
731025.0,25864,open,L
1151329.0,70689,open,L
430336.0,74295,open,L
1036324.0,85560,open,L
625681.0,1258,open,L
1495729.0,71190,open,L
1471369.0,74032,open,W
297025.0,69973,unknown,W
808201.0,23510,open,L
683929.0,52541,open,L
786769.0,2569,open,W
20308.38,87369,open,D
17881.58,92676,open,D
12920.64,53599,open,D
24729.72,9177,closed,D
25003.17,54197,open,D
55270.98,18793,open,D
487204.0,45532,open,L
1044484.0,71499,open,L
1194649.0,98014,open,L
1274641.0,46488,closed,L
1373584.0,30584,open,W
1221025.0,27007,open,W
1562500.0,34923,open,W
227529.0,69774,closed,W
896809.0,85928,open,W
1034289.0,54448,open,W
648025.0,59900,open,W
343396.0,54369,closed,W
654481.0,36486,open,W
865.94,44874,open,D
7748.22,51864,open,D
17027.0,50855,open,D
474721.0,62064,open,L
695556.0,84367,open,W
452929.0,85613,closed,W
474721.0,2183,open,W
9442.67,79203,open,D
12325.96,94952,open,D
32979.46,51236,open,D
1500625.0,32724,open,W
908209.0,1129,open,W
368449.0,25961,open,W
559504.0,37817,open,W
1149184.0,83376,open,W
630436.0,53837,open,W
4353.93,51934,open,D
11115.06,38416,closed,D
10688.47,42953,open,D
60926.95,1587,open,D
1073296.0,36092,closed,L
1212201.0,49984,open,L
710649.0,99241,open,L
1430416.0,31177,open,L
952576.0,92954,open,L
24842.7,96143,open,D
32064.1,61763,open,D
14692.09,81294,open,D
3063.64,14825,open,D
43042.55,61360,open,D
32863.75,86895,open,D
39427.55,18786,closed,D
837225.0,57969,open,W
784996.0,31834,open,W
39932.16,39109,closed,D
13451.48,51711,open,D
22298.31,34543,open,D
22231.69,63728,open,D
56014.21,45690,open,D
737881.0,10475,open,L
935089.0,25487,open,L
28048.37,87241,open,D
10511.35,64539,open,D
18917.42,89947,open,D
31883.81,71656,open,D
18731.92,93255,open,D
776161.0,60459,open,W
619369.0,65206,open,W
17806.16,18629,open,D
23751.62,20184,open,D
35712.05,71519,open,D
27415.55,28767,open,D
915849.0,83023,open,L
1024144.0,77200,open,L
16460.79,85929,open,D
10820.31,47665,open,D
13522.34,81645,open,D
9123.95,25539,closed,D
10876.49,1647,open,D
580644.0,64945,open,L
717409.0,16267,open,L
14046.65,71944,open,D
33132.62,45274,closed,D
10109.23,24600,open,D
484416.0,7384,open,W
1083681.0,28142,open,W
1256641.0,47147,open,W
940900.0,72138,open,W
614656.0,36778,open,W
1311025.0,54673,unknown,W
17068.95,21231,open,D
29854.59,5644,open,D
506944.0,38423,open,W
278784.0,33215,open,W
39982.04,63719,open,D
18563.14,55080,open,D
19651.0,99229,open,D
6447.34,66572,open,D
29781.72,72558,unknown,D
29207.89,91768,unknown,D
20004.54,39630,open,D
1630729.0,56505,open,L
1261129.0,30581,open,L
1083681.0,81237,open,L
1164241.0,21054,open,W
2930944.0,77642,open,W
1408969.0,56768,closed,W
508369.0,86740,closed,W
18032.51,67878,open,D
32034.99,74720,open,D
43787.31,21623,open,D
1083681.0,9736,open,L
3916.82,2591,open,D
19401.37,94625,open,D
42817.9,91860,open,D
1329409.0,39298,open,L
1329409.0,70411,open,L
576081.0,79271,open,W
34699.72,67279,unknown,D
14540.84,42554,open,D
51625.11,71058,open,D
25290.64,67217,open,D
28164.21,19678,open,D
29336.54,37936,closed,D
93683.04,71347,open,D
38367.64,63608,open,D
4854.17,16219,open,D
22648.53,91859,open,D
50516.19,97795,open,D
26182.93,23648,open,D
1096209.0,83542,closed,L
1713481.0,59869,closed,L
741321.0,86595,open,L
1062961.0,43548,unknown,W
1825201.0,42784,open,W
784996.0,23713,open,W
2399401.0,64629,closed,W
41522.11,47101,open,D
24293.98,61716,open,D
7972.88,36788,open,D
20821.29,21524,open,D
10071.48,95892,open,D
808201.0,20064,closed,L
38724.41,98391,open,D
5229.42,99358,open,D
32549.7,99097,open,D
10691.92,88058,open,D
25974.24,39284,open,D
15317.99,53375,open,D
69268.72,90075,open,D
42935.1,54026,open,D
6181.18,922,open,D
1547536.0,96683,open,L
1192464.0,94510,closed,L
1315609.0,38460,open,L
1100401.0,91202,open,L
660969.0,92315,closed,L
158404.0,73378,unknown,L
1865956.0,15320,open,W
544644.0,5115,open,W
1713481.0,6797,open,W
994009.0,11520,open,W
3544.91,69006,open,D
19432.3,56145,open,D
37257.1,34502,open,D
52363.12,46647,open,D
1628176.0,48946,open,L
541696.0,45493,open,W
1034289.0,23615,closed,W
13096.0,3408,open,D
31134.01,25309,open,D
43341.63,7093,open,D
30173.05,67153,open,D
3738.84,68964,closed,D
9443.13,41414,open,D
7660.88,21821,open,D
43709.23,21584,open,D
32315.5,84583,open,D
14693.8,15317,open,D
38393.0,69872,open,D
11370.01,27431,open,D
41390.2,83494,open,D
5313.66,22640,open,D
883600.0,79135,open,L
1087849.0,97007,open,L
715716.0,99064,open,L
580644.0,69749,open,L
1108809.0,21981,open,W
277729.0,49327,open,W
864900.0,79353,open,W
6253.71,2821,open,D
12879.5,89042,open,D
56434.93,94498,open,D
1306449.0,52308,open,L
749956.0,60411,open,L
1018081.0,3050,closed,L
36845.42,61417,open,D
47241.96,29116,open,D
1162084.0,88217,open,L
1223236.0,22096,open,L
793881.0,47220,closed,L
1153476.0,56866,open,W
18021.87,11917,open,D
232.47,93606,open,D
53260.44,56432,closed,D
63799.77,10767,open,D
39892.11,74190,open,D
28349.84,82969,open,D
27259.61,5352,open,D
1782225.0,89739,open,L
1378276.0,27084,open,L
1096209.0,67169,open,L
299209.0,34052,unknown,W
660969.0,46516,open,W
751689.0,80223,open,W
51894.79,58740,closed,D
22200.97,51459,open,D
6797.05,41949,open,D
37198.2,23670,open,D
21975.62,96003,open,D
31227.4,99068,open,D
30674.95,38642,open,D
37115.09,58158,open,D
20992.76,39543,open,D
38301.27,50004,open,D
22829.92,31146,open,D
9977.71,24234,open,D
27542.15,542,unknown,D
20461.14,15938,open,D
1187.18,72036,closed,D
6379.67,57732,open,D
56148.44,46156,open,D
22892.47,66331,closed,D
18831.56,46403,open,D
96919.76,34648,open,D
19352.86,90791,open,D
1138489.0,87811,open,L
28669.72,78123,closed,D
30184.57,33809,open,D
2257.42,7505,open,D
7002.93,21932,open,D
19692.3,35535,open,D
1032256.0,32993,open,L
1515361.0,23077,open,L
1345600.0,74072,open,L
887364.0,58762,open,L
55580.47,83163,open,D
24689.59,91350,unknown,D
31094.17,90680,open,D
10767.89,46911,open,D
588289.0,71116,open,W
591361.0,34962,unknown,W
1932100.0,12462,open,W
1841449.0,35840,open,W
1290496.0,87762,open,W
40372.13,13185,open,D
11018.44,5935,open,D
39499.03,77762,open,D
11779.73,79596,open,D
19412.5,61760,open,D
20481.55,72216,closed,D
48210.12,56019,open,D
33360.24,92902,open,D
18088.16,8066,open,D
1306449.0,66750,closed,L
502681.0,56171,open,L
722500.0,19214,open,L
1542564.0,98414,unknown,W
788544.0,81728,open,W
940900.0,73191,open,W
753424.0,11480,open,W
2024929.0,85846,open,W
1042441.0,72883,open,W
10800.6,74159,closed,D
48467.42,6763,open,D
23140.05,46918,open,D
35152.37,21072,open,D
7456.18,97977,open,D
46539.92,37811,open,D
16981.95,36138,closed,D
6165.5,51217,open,D
1488400.0,84585,open,L
900601.0,16826,open,L
1205604.0,9257,open,L
13819.06,45692,closed,D
29121.18,85162,open,D
47500.2,63655,unknown,D
42999.35,31606,open,D
33346.97,63692,open,D
67553.11,62310,open,D
21481.01,30195,open,D
20661.42,74754,open,D
1210000.0,81074,unknown,L
806404.0,4910,unknown,L
5485.8,4840,open,D
14427.09,75153,open,D
45108.58,21509,open,D
31917.67,82952,open,D
19633.55,3693,open,D
26069.24,1246,open,D
26702.43,80409,open,D
9170.6,56666,unknown,D
11718.87,87374,open,D
53617.92,96034,closed,D
25476.58,1555,open,D
23662.68,17621,open,D
994009.0,60840,unknown,L
1425636.0,68083,open,L
624100.0,15391,open,L
1418481.0,98182,open,L
853776.0,15324,open,L
1201216.0,20789,open,L
1279161.0,78581,closed,L
1089936.0,84497,closed,L
879844.0,46106,open,L
1739761.0,76442,closed,L
617796.0,58523,open,L
2105401.0,51582,unknown,W
1069156.0,29211,open,W
1181569.0,24490,open,W
722500.0,40560,open,W
32034.55,36947,open,D
51390.48,48150,unknown,D
19695.39,59596,open,D
15702.91,35625,open,D
564001.0,67048,open,W
1988100.0,89650,unknown,W
49869.84,10203,open,D
0.59,37119,open,D
16128.79,72937,open,D
37829.65,19555,closed,D
219961.0,11131,open,L
755161.0,27001,open,L
927369.0,28741,open,L
456976.0,73993,closed,W
2316484.0,97072,unknown,W
1745041.0,403,closed,W
31980.6,47302,open,D
35598.81,2122,open,D
32485.83,73001,open,D
38716.27,85399,open,D
31354.12,27220,open,D
23712.54,23306,open,D
1708249.0,98105,open,L
1317904.0,87075,open,L
12220.8,39106,open,D
24610.45,60278,open,D
1281424.0,51175,open,W
1510441.0,93153,open,W
717409.0,17066,open,W
29130.98,90577,open,D
31855.98,73874,open,D
26530.86,28488,open,D
1052676.0,76608,open,L
1098304.0,54533,open,W
1265625.0,6699,open,W
991.07,18661,open,D
15556.01,17371,closed,D
22561.4,62455,open,D
51078.76,84959,open,D
9466.61,68946,open,D
14975.98,83930,open,D
29990.21,25828,open,D
18433.79,40339,open,D
8968.81,94484,open,D
27591.84,91445,open,D
11051.94,14805,open,D
1466521.0,90543,open,L
1378276.0,91130,unknown,L
1308736.0,43135,open,L
635209.0,86652,closed,L
1147041.0,15626,open,W
1194649.0,21145,open,W
1454436.0,93315,open,W
1234321.0,63537,open,W
14246.39,85786,open,D
32038.16,15487,closed,D
26863.71,79926,open,D
820836.0,39845,open,L
1018081.0,12174,open,L
820836.0,65856,open,W
35163.75,44074,open,D
35636.51,51764,open,D
27670.18,95362,open,D
1016064.0,47577,unknown,L
56133.88,45515,open,D
5757.67,21416,open,D
26462.0,12761,open,D
21033.84,14468,open,D
14558.72,34982,unknown,D
11328.6,79648,open,D
56305.03,4364,open,D
21498.04,54740,open,D
5618.61,59476,open,D
35640.89,51386,closed,D
10513.66,73480,open,D
792100.0,51786,open,L
848241.0,64962,open,L
1221025.0,94616,open,L
1104601.0,32824,open,L
217156.0,38252,open,L
1290496.0,89088,closed,L
1607824.0,37843,closed,L
1075369.0,35738,open,L
844561.0,16940,open,W
763876.0,86555,unknown,W
52185.37,46644,open,D
7137.06,33412,open,D
2336.43,4662,open,D
20706.86,77730,open,D
47903.5,44525,closed,D
46210.01,83990,open,D
26044.88,49267,open,D
1263376.0,10734,unknown,L
376996.0,80301,open,L
731025.0,44366,open,L
1210000.0,7306,open,L
439569.0,2156,closed,L
950625.0,1553,open,W
466489.0,46485,open,W
762129.0,70288,open,W
795664.0,75418,open,W
833569.0,30427,unknown,W
1199025.0,49683,open,W
31193.03,40951,open,D
24135.55,56670,open,D
30715.39,74508,open,D
894916.0,58989,closed,L
600625.0,38618,open,L
48498.1,9619,unknown,D
4988.5,74791,open,D
33653.17,1463,open,D
71057.45,34913,unknown,D
17024.7,4547,open,D
25397.23,15844,open,D
19569.88,1650,open,D
29251.94,17574,open,D
50440.72,1079,open,D
10821.98,9478,closed,D
492.01,19403,open,D
21369.0,55931,open,D
14454.18,92850,closed,D
31651.85,41545,open,D
982081.0,77964,closed,W
2989441.0,37838,open,W
614656.0,35849,open,W
12270.75,2675,closed,D
17876.21,16689,open,D
26943.87,5975,open,D
25083.5,36181,open,D
18297.38,64519,open,D
15156.3,79989,open,D
23327.85,27535,open,D
664225.0,22383,open,L
844561.0,58758,open,L
485809.0,11189,open,W
797449.0,86633,open,W
799236.0,81596,open,W
1814409.0,94058,closed,W
58172.13,48666,open,D
10396.81,64555,closed,D
28018.35,15937,open,D
23499.1,49274,open,D
42458.26,83929,open,D
17788.51,87093,closed,D
495616.0,27111,open,W
1292769.0,72773,open,W
26926.3,67614,open,D
45425.68,8306,open,D
28607.54,72776,open,D
21476.33,48040,open,D
14285.93,35769,open,D
20472.96,17015,closed,D
1382976.0,41463,open,L
23017.98,1549,open,D
32893.59,82305,unknown,D
36185.11,63150,closed,D
26835.51,36488,open,D
547600.0,29728,open,W
1542564.0,91812,closed,W
19536.3,55071,open,D
27942.06,75017,open,D
23367.47,14612,open,D
54852.25,80830,open,D
40410.11,46858,closed,D
14733.39,92224,open,D
26918.13,40129,open,D
49563.24,77082,open,D
10706.53,60873,open,D
3531.28,90654,open,D
18327.51,31626,open,D
34173.71,27562,open,D
35547.88,35059,open,D
64543.1,41366,open,D
126736.0,47234,open,W
1270129.0,46226,open,W
16.88,93613,open,D
36549.45,24832,open,D
31533.67,38286,closed,D
87944.24,96529,open,D
27771.9,79738,open,D
31286.35,29046,closed,D
21782.78,69871,closed,D
44661.19,95455,closed,D
2076481.0,38332,open,L
1123600.0,78195,unknown,L
519841.0,46935,open,L
1716100.0,92423,open,L
1304164.0,43983,closed,L
1172889.0,30065,open,W
1394761.0,68442,unknown,W
1380625.0,16113,unknown,W
36418.96,6511,open,D
30656.76,32403,unknown,D
18157.46,17202,open,D
36364.43,6531,open,D
16668.49,9068,open,D
46210.4,8665,open,D
2160900.0,81928,open,W
4020.62,49280,open,D
13677.59,35264,open,D
34891.28,15671,open,D
41008.73,88237,open,D
24735.56,63348,unknown,D
13108.42,10404,open,D
39330.97,25507,open,D
22481.14,33803,closed,D
53262.72,51222,open,D
1166400.0,29187,closed,W
13131.87,47580,open,D
21398.06,19367,open,D
47751.39,22992,unknown,D
27821.06,34739,open,D
31349.31,44052,closed,D
26623.01,68806,open,D
6237.92,77861,closed,D
28710.76,68999,open,D
1795600.0,17735,open,L
1811716.0,98045,open,L
1140624.0,9650,open,L
13423.81,88520,open,D
3763.62,54287,open,D
636804.0,30532,open,W
863041.0,40441,open,W
205209.0,78912,open,W
968256.0,65498,open,W
1630729.0,97213,open,W
34412.8,71715,open,D
46674.87,45812,unknown,D
42428.19,21181,open,D
64316.95,34120,open,D
6737.02,87381,open,D
35840.69,66610,open,D
15687.85,11433,open,D
53306.32,56806,open,D
6654.9,16269,closed,D
8413.15,74558,open,D
17282.56,3012,open,D
1218816.0,87089,open,L
511225.0,46004,open,L
678976.0,99095,open,L
908209.0,67437,open,L
384400.0,90327,closed,L
777924.0,93223,open,L
1276900.0,77427,open,W
751689.0,41536,open,W
606841.0,91629,open,W
1345600.0,59637,open,W
1399489.0,16801,open,W
1413721.0,31726,open,W
5296.63,90299,open,D
14096.48,11717,open,D
14507.23,48527,closed,D
41533.7,87026,open,D
28426.61,65583,closed,D
10010.34,2174,open,D
868624.0,50120,open,L
654481.0,46449,closed,L
42060.06,264,open,D
24148.52,49798,open,D
919.78,12537,closed,D
18611.11,21531,open,D
933156.0,92885,open,W
19272.77,41079,open,D
366025.0,86773,open,W
1943236.0,58917,open,W
2079364.0,16003,open,W
24872.49,62201,open,D
16596.16,78882,open,D
6226.36,60616,open,D
1570009.0,75725,open,W
26852.67,64263,open,D
40467.76,74514,open,D
1212201.0,17158,open,L
483025.0,66200,open,L
1411344.0,8358,open,L
910116.0,25166,open,W
31058.32,89287,closed,D
38573.1,43987,open,D
17861.3,60287,open,D
18930.16,55020,open,D
22484.88,25904,open,D
7990.58,45261,open,D
34077.94,54415,open,D
23282.41,93297,open,D
5763.12,49076,open,D
1207801.0,74616,open,L
784996.0,98612,closed,L
4535.55,6185,open,D
9682.85,93325,open,D
3508129.0,2085,open,W
1276900.0,83492,open,W
10416.42,99089,open,D
21250.88,63881,closed,D
1058.71,23484,open,D
7404.36,33504,closed,D
9667.3,95333,open,D
898704.0,85364,open,W
1896129.0,58854,open,W
45708.72,62431,closed,D
29641.92,13276,open,D
19136.92,34920,closed,D
16882.14,40353,open,D
20076.59,93291,closed,D
44161.65,43912,open,D
39945.01,35165,open,D
18752.97,625,open,D
1562500.0,2012,open,L
1760929.0,86736,unknown,L
1940449.0,3892,open,L
868624.0,72945,open,L
1018081.0,87902,open,L
769129.0,43924,open,W
887364.0,65198,open,W
904401.0,98712,open,W
1790244.0,7627,open,W
1617984.0,83388,open,W
2079364.0,3616,unknown,W
6500.55,69179,open,D
13731.31,15191,unknown,D
37018.88,76000,closed,D
17175.93,22559,open,D
21584.58,73599,open,D
1718721.0,20659,closed,L
1234321.0,28863,open,L
912025.0,31273,open,W
980100.0,25492,closed,W
654481.0,90127,open,W
23561.43,37411,open,D
36667.32,76440,closed,D
18167.58,69389,unknown,D
1944.65,87604,open,D
21592.19,46367,open,D
17703.15,77757,open,D
24787.98,4839,closed,D
18800.08,91459,closed,D
23254.28,51011,open,D
27680.99,76812,open,D
1024144.0,46502,open,L
119716.0,45145,open,L
47731.24,88589,open,D
53980.84,39439,open,D
18425.1,5589,open,D
8561.68,428,open,D
546121.0,5339,unknown,W
717409.0,34677,open,W
17036.13,29759,open,D
18726.59,68471,open,D
8582.92,20037,open,D
12976.17,99520,open,D
45945.2,96895,open,D
18877.36,91001,open,D
51016.15,50433,open,D
29045.81,49560,unknown,D
638401.0,42785,open,W
1098304.0,5701,open,W
776161.0,81525,unknown,W
1464100.0,27065,closed,W
1943236.0,9386,open,W
20978.34,80580,unknown,D
23049.48,3289,open,D
25840.95,60870,open,D
5621.08,1289,open,D
7335.78,22726,closed,D
8973.47,37789,closed,D
21885.09,88765,open,D
12295.98,64733,open,D
33368.42,68622,open,D
7766.59,23861,open,D
30819.85,35260,open,D
494.94,51978,open,D
24625.47,7285,open,D
17883.81,87998,open,D
16164.64,6625,open,D
1216609.0,51707,open,L
1454436.0,63980,open,L
784996.0,2046,closed,L
635209.0,13917,open,W
1532644.0,42455,open,W
788544.0,70367,closed,W
1162084.0,56578,unknown,W
1380625.0,55839,open,W
46774.63,52611,open,D
13176.7,55437,open,D
22067.64,78329,open,D
10252.89,50990,open,D
39309.42,87127,open,D
1347921.0,99066,open,L
687241.0,32710,open,L
64230.16,34873,open,D
29508.21,79711,open,D
17823.97,18269,open,D
21170.71,15875,open,D
4347.72,48314,open,D
22809.8,11302,unknown,D
4083.41,86120,unknown,D
25721.89,21554,open,D
38928.8,74267,open,D
15766.47,60686,open,D
31912.04,76909,open,D
670761.0,55320,open,W
21692.16,37280,open,D
9553.93,69700,open,D
795664.0,54356,open,L
1308736.0,90985,open,W
1532644.0,51329,closed,W
687241.0,81948,open,W
749956.0,34427,open,W
17773.94,82408,open,D
19634.13,50362,open,D
54774.1,25313,unknown,D
28104.91,58704,open,D
19429.73,34827,open,D
883600.0,96887,open,L
17392.8,12183,open,D
1350.14,98326,open,D
54520.6,39958,unknown,D
41164.79,50746,open,D
48110.91,28684,closed,D
30155.65,47960,open,D
6157.41,18245,open,D
395.92,22674,open,D
25799.68,50494,open,D
23193.5,89901,closed,D
889249.0,61111,open,W
30138.15,55452,open,D
19140.98,85524,closed,D
10804.23,19365,open,D
27521.27,21925,open,D
1042441.0,19154,open,L
1192464.0,14177,open,L
594441.0,52617,open,W
2256004.0,40350,closed,W
722500.0,53209,unknown,W
33895.75,4974,closed,D
67217.35,48510,open,D
783225.0,33001,unknown,W
1299600.0,19453,open,W
1677025.0,56623,open,W
744769.0,88931,open,W
574564.0,9613,open,L
511225.0,92328,open,L
27061.19,19026,open,D
4065.59,50873,open,D
21935.92,89778,open,D
1705636.0,12958,open,W
450241.0,15902,open,W
32120.02,88234,open,D
27876.45,63090,open,D
6656.25,91724,open,D
30712.51,32803,open,D
1290496.0,40669,open,W
883600.0,62020,open,W
34402.1,32010,closed,D
33317.26,15463,open,D
39705.55,81682,closed,D
2134521.0,62053,open,W
1196836.0,64831,open,W
241081.0,18063,closed,W
743044.0,59254,unknown,W
1646089.0,23688,open,W
21954.76,16394,closed,D
20247.84,3589,open,D
15385.76,80895,open,D
30204.26,40986,open,D
17718.84,95131,open,D
49114.5,70384,open,D
23728.98,2158,open,D
59789.08,25799,open,D
1276900.0,50688,open,L
238144.0,38232,open,L
1036324.0,3494,open,L
1232100.0,77896,open,L
1044484.0,16558,open,L
1079521.0,30778,open,L
1092025.0,52850,open,W
1227664.0,81511,open,W
994009.0,60093,unknown,W
52283.83,5967,open,D
25134.03,36229,open,D
36536.47,73772,open,D
24947.39,89021,open,D
26906.38,76742,open,D
42052.75,83781,open,D
22252.54,8427,open,D
23441.74,90609,closed,D
10464.34,34367,open,D
6127.73,40289,open,D
1464100.0,16060,open,L
1223236.0,75929,open,L
739600.0,97088,open,L
384400.0,41529,unknown,L
906304.0,58819,closed,L
511225.0,74848,open,W
1196836.0,37284,open,W
874225.0,2838,open,W
820836.0,53562,open,W
808201.0,62017,closed,W
1079521.0,26857,open,W
998001.0,14781,closed,W
1739761.0,76747,open,W
540225.0,3010,open,W
667489.0,99560,open,W
1354896.0,36412,open,W
1236544.0,23356,open,W
692224.0,87445,open,W
31961.22,69632,open,D
26220.64,13698,open,D
1010025.0,89847,open,W
1301881.0,37711,open,W
1279161.0,49472,open,W
1368900.0,13993,open,W
25603.97,9666,open,D
30492.08,15598,open,D
15546.4,88206,open,D
18040.81,84039,open,D
19472.86,24607,open,D
10188.72,59200,open,D
25626.12,52012,open,D
1378.82,88468,open,D
705600.0,14330,open,L
996004.0,29696,unknown,L
1710864.0,31634,open,L
576081.0,15284,closed,L
732736.0,28051,open,L
613089.0,76159,open,W
1758276.0,16717,open,W
1285956.0,74701,open,W
765625.0,77918,open,W
8778.24,77388,open,D
5770.48,14720,open,D
28637.7,17624,open,D
24278.68,34172,open,D
13584.22,84684,open,D
384.77,4719,open,D
16316.27,43734,open,D
1461681.0,58973,open,L
758641.0,3902,open,L
921600.0,85198,open,L
1430416.0,70009,open,W
427716.0,74904,open,W
602176.0,29140,unknown,W
31211.8,96481,open,D
292.8,62390,open,D
21567.68,55411,open,D
37520.65,1599,open,D
44441.73,74786,open,D
715716.0,27156,closed,W
1962801.0,87736,open,W
432964.0,25806,open,W
31534.6,74712,open,D
7061.87,62432,open,D
1324801.0,92937,open,L
75445.55,30444,closed,D
20422.12,52316,open,D
12907.22,38969,open,D
41971.26,27940,open,D
50903.09,16346,open,D
36159.34,61441,open,D
36557.28,13591,unknown,D
10517.46,44117,open,D
6851.4,48810,open,D
21991.59,55149,open,D
26094.17,96447,open,D
567009.0,9552,open,L
889249.0,73441,open,L
779689.0,92962,unknown,L
793881.0,66308,open,L
1327104.0,84431,open,L
1739761.0,43632,open,W
1042441.0,69839,closed,W
1605289.0,9018,open,W
972196.0,41112,open,W
1537600.0,72096,open,W
401956.0,34100,open,W
150544.0,44488,open,W
25316.7,56035,open,D
9961.37,70833,open,D
19452.44,60807,open,D
31630.8,85607,open,D
58642.48,14519,open,D
43063.26,19376,closed,D
31345.13,1085,open,D
1413721.0,46565,open,L
546121.0,59058,open,L
14193.42,23046,open,D
44172.95,40326,open,D
19276.31,75647,open,D
20106.73,36956,closed,D
714025.0,59044,open,L
793881.0,24757,closed,W
3591025.0,14284,open,W
15394.28,25819,open,D
12075.72,30803,open,D
33681.7,89960,unknown,D
36298.29,30023,open,D
11934.72,58809,open,D
1766241.0,96644,open,L
1102500.0,18574,open,L
1324801.0,76913,open,L
804609.0,88766,open,L
1306449.0,32419,unknown,L
17656.28,45127,open,D
30560.63,91979,open,D
44197.46,76383,open,D
19273.3,49731,open,D
8355.23,24890,open,D
44902.87,5690,open,D
41623.93,46371,open,D
38629.05,73368,open,D
970225.0,19058,open,L
1373584.0,65802,closed,L
810000.0,94733,open,L
824464.0,88044,closed,W
1971216.0,24527,open,W
1285956.0,85651,open,W
2108304.0,42893,open,W
1920996.0,50932,closed,W
1069156.0,91464,open,W
952576.0,9226,open,W
27700.07,97345,open,D
33203.9,71389,open,D
2258.68,45663,open,D
18914.0,98469,open,D
18215.3,8431,open,D
20201.53,62555,open,D
1018081.0,39938,unknown,W
7572.98,43941,open,D
24790.44,91540,open,D
5617.78,26688,open,D
38597.71,35044,open,D
46463.79,69889,open,D
19040.81,52540,open,D
29773.24,27370,closed,D
6956.28,45806,open,D
30923.01,23982,open,D
10290.66,5810,open,D
715716.0,91230,open,W
1155625.0,71749,open,L
492804.0,31754,open,W
1723969.0,9833,open,W
929296.0,24975,open,W
1014049.0,55534,open,W
498436.0,12439,closed,W
1442401.0,25835,unknown,L
1630729.0,40584,open,L
603729.0,81455,open,W
923521.0,3670,open,W
64157.16,45257,open,D
664225.0,97175,unknown,L
1100401.0,72660,open,L
1221025.0,36077,open,L
26647.77,99160,closed,D
3400.01,53958,open,D
10501.76,76923,open,D
10341.02,78634,open,D
14499.86,81388,open,D
35263.75,47635,open,D
44695.3,86522,open,D
17715.58,94324,open,D
16332.52,19584,open,D
17498.02,30389,open,D
55315.09,20018,open,D
1954404.0,4486,open,L
527076.0,59412,open,L
935089.0,52065,open,W
1207801.0,91911,open,W
391876.0,23472,open,W
336400.0,3004,closed,W
20101.34,94893,open,D
8725.84,29309,open,D
35775.72,45608,open,D
14094.35,56947,open,D
18941.12,89674,open,D
7421.83,4740,open,D
13123.32,11296,open,D
1044484.0,4873,open,W
436921.0,41844,open,W
913936.0,71807,open,W
34812.55,31730,open,D
37787.07,71434,open,D
31568.08,18890,open,D
1005.73,19296,open,D
57703.69,93568,open,D
24005.86,71299,open,D
35398.15,68526,closed,D
9653.77,1732,open,D
8180.39,54836,open,D
707281.0,75162,open,W
1779556.0,13230,open,W
1175056.0,17330,open,L
1069156.0,46950,open,W
24701.32,43598,open,D
78917.67,11908,closed,D
10945.69,53411,open,D
22977.16,51558,open,D
39140.94,74571,open,D
31926.93,13102,open,D
18542.95,50956,open,D
28671.21,68048,open,D
33757.31,52893,open,D
21346.35,58817,open,D
21229.8,74645,closed,D
687241.0,38754,open,W
1830609.0,16331,open,W
976144.0,50148,open,W
1565001.0,10434,open,W
18927.75,88527,open,D
13992.03,75557,open,D
30138.52,22875,open,D
226576.0,70541,open,W
670761.0,35171,open,W
41388.91,41564,open,D
55919.79,75056,closed,D
1067089.0,97476,open,L
1879641.0,19842,closed,L
1121481.0,43576,open,L
16489.36,15950,open,D
42969.97,25113,open,D
18219.2,76549,open,D
9525.97,95625,open,D
1385329.0,2169,open,W
32840.58,66259,open,D
7101.06,65073,open,D
13397.68,85422,closed,D
21265.75,97770,open,D
37517.1,1373,open,D
15275.46,78223,unknown,D
10184.59,96902,open,D
18093.23,21803,open,D
17801.44,81186,open,D
60755.04,82503,closed,D
9774.4,57634,open,D
8657.63,26665,open,D
1272384.0,34635,open,L
1089936.0,62142,open,L
1485961.0,65023,closed,L
573049.0,41853,open,L
1030225.0,34847,open,L
1535121.0,75180,open,L
1159929.0,47588,closed,L
1461681.0,26506,open,L
515524.0,80957,closed,W
452929.0,26201,closed,W
522729.0,52824,open,W
810000.0,37968,closed,W
998001.0,89356,open,W
1311025.0,37670,open,W
35867.54,96688,open,D
43549.33,44977,open,D
23048.05,52357,open,D
24495.89,7808,open,D
13845.19,57117,open,D
32272.83,90414,open,D
29996.63,59490,closed,D
1208.12,50405,open,D
27458.86,69566,open,D
38244.41,30019,open,D
638401.0,19855,open,L
755161.0,21677,open,L
1270129.0,38792,open,L
913936.0,73456,open,L
2190400.0,95604,open,W
5613.77,66199,open,D
30069.48,38933,open,D
19837.97,41386,closed,D
456976.0,63401,closed,L
889249.0,20791,open,L
25426.97,98658,open,D
703.03,1377,open,D
21306.12,61009,open,D
891136.0,92199,open,L
31840.87,27345,open,D
32497.89,31946,open,D
29851.39,98160,open,D
31340.41,1172,open,D
1236544.0,22117,unknown,W
1265625.0,30952,open,W
18412.31,23799,open,D
9306.55,41572,open,D
776161.0,71763,open,L
515524.0,45231,open,W
17236.83,31563,open,D
37183.76,22360,open,D
56863.01,51722,open,D
33687.77,35271,open,D
19831.25,83960,open,D
10788.85,16322,open,D
19168.42,48890,open,D
20666.05,10651,unknown,D
9009.79,95856,unknown,D
32376.16,34455,open,D
4901.87,93322,open,D
5221.96,25886,closed,D
5949.69,87557,open,D
1382976.0,94762,open,L
1375929.0,38673,open,L
770884.0,13305,open,L
1240996.0,37949,open,L
1166400.0,74813,open,L
877969.0,47670,open,L
870489.0,72922,open,L
1071225.0,99333,open,W
6550.09,14988,open,D
28545.09,49598,closed,D
819.82,68494,open,D
42762.73,18732,open,D
41016.26,92521,unknown,D
56609.22,30211,open,D
32938.56,48992,open,D
657721.0,62607,open,W
2223081.0,52328,open,W
1532644.0,74494,open,W
1190281.0,18208,open,W
25388.43,83736,open,D
6521.83,36574,open,D
13269.87,5326,open,D
16551.13,79827,open,D
30119.04,20089,open,D
37481.16,69860,open,D
23080.71,53560,open,D
1123600.0,99948,open,W
8938.17,64722,unknown,D
226576.0,46081,open,L
18343.41,39768,closed,D
18275.24,6577,closed,D
37719.22,73737,closed,D
14029.73,61914,open,D
13558.55,31714,open,D
39672.7,36994,open,D
1357225.0,20293,open,W
589824.0,60724,closed,W
52150.74,44759,open,D
16603.74,3199,open,D
53976.27,19447,open,D
19416.89,37351,open,D
28350.23,35609,open,D
23522.48,78782,unknown,D
24802.24,84066,open,D
7362.24,55752,open,D
5356.52,38040,open,D
13334.3,87525,open,D
6274.07,2135,open,D
23513.82,15033,open,D
64387.1,32737,open,D
14929.75,17411,closed,D
25761.28,71438,closed,D
26714.69,38651,open,D
18688.3,18650,open,D
8926.75,52432,open,D
1297321.0,28750,open,L
1368900.0,12595,open,L
1092025.0,45875,open,L
1034289.0,57617,open,L
727609.0,15473,open,L
891136.0,78229,open,L
919681.0,71329,open,L
614656.0,52011,open,W
2105401.0,83480,open,W
1232100.0,42428,open,W
21878.83,93074,open,D
32700.16,16794,open,D
38226.62,50177,open,D
17439.38,93050,open,D
42928.07,9475,open,D
14789.14,12315,closed,D
64805.72,80633,open,D
49009.13,76568,open,D
2414916.0,83141,open,W
982081.0,76956,open,W
32732.23,34924,unknown,D
8908.84,9372,unknown,D
1315609.0,19874,open,W
1836025.0,42807,closed,W
535824.0,17419,open,W
50147.49,4882,open,D
43796.63,25559,open,D
11467.66,14989,open,D
23265.56,23335,open,D
30057.05,83758,open,D
11333.75,80566,open,D
3424.51,17023,open,D
50265.03,55499,open,D
17173.26,27409,open,D
24098.37,30012,open,D
8207.89,42775,open,D
41379.85,74570,open,D
1020100.0,10297,closed,L
1562500.0,35306,open,L
933156.0,17186,open,L
1585081.0,57597,open,L
863041.0,2749,open,L
874225.0,45967,open,L
1468944.0,11565,open,W
21228.07,47089,open,D
51201.43,71110,open,D
15364.06,92167,open,D
16382.59,65397,open,D
55669.94,1406,open,D
470596.0,16720,open,W
473344.0,37269,open,W
15056.09,73298,open,D
18745.41,4648,open,D
1784896.0,30609,open,L
864900.0,70102,open,L
10790.01,7890,open,D
10895.0,63771,closed,D
868624.0,65299,closed,W
859329.0,4532,open,L
919681.0,30764,open,W
652864.0,14962,open,W
27273.02,15934,open,D
10605.31,90441,open,D
32898.43,58159,open,D
27151.31,62672,open,D
25508.09,16442,open,D
18015.39,76276,open,D
51123.62,66022,open,D
40582.92,26083,open,D
1653796.0,55360,open,W
837225.0,33247,open,W
1404225.0,18926,open,W
1170.99,7422,open,D
23159.29,81305,open,D
15179.3,41431,open,D
27889.57,61382,open,D
22383.95,20138,open,D
820836.0,73853,open,L
31920.45,90358,open,D
14332.6,83795,open,D
12374.12,95750,open,D
19703.86,78256,closed,D
26379.97,28610,open,D
14313.12,37942,open,D
272484.0,89241,open,L
318096.0,45399,open,W
635209.0,71186,closed,W
720801.0,54022,open,W
1620529.0,78540,open,W
23934.84,52482,open,D
5770.44,13256,closed,D
51461.05,21302,open,D
1352569.0,40797,open,W
1218816.0,67499,open,W
168100.0,47633,open,W
972196.0,66978,open,L
1449616.0,96168,open,L
2347024.0,414,open,W
1261129.0,9472,open,W
1692601.0,83514,open,W
381924.0,75716,open,W
27102.29,49022,open,D
46803.25,40320,open,D
4090.84,79851,closed,D
34819.99,30407,open,D
1188100.0,62909,open,W
1532644.0,18980,open,W
18478.89,30841,open,D
15972.2,62665,open,D
40580.01,96506,open,D
25494.86,83456,open,D
16652.94,51116,open,D
34379.37,54015,open,D
8849.95,96108,open,D
509796.0,11790,open,L
1054729.0,39639,open,L
1354896.0,59945,open,L
399424.0,99223,open,L
1679.19,39355,open,D
32527.08,91265,unknown,D
10092.36,91494,open,D
15497.72,40139,open,D
10472.58,974,open,D
872356.0,42278,open,L
574564.0,37373,open,W
26922.96,27700,open,D
45807.93,81479,open,D
7922.1,97252,open,D
8854.61,81163,open,D
17239.51,48320,open,D
4939.41,5758,open,D
19999.67,33244,open,D
9824.24,25115,open,D
11017.54,81486,closed,D
1430416.0,85262,open,W
577600.0,40011,open,W
478864.0,71822,closed,L
950625.0,10153,open,L
40429.62,52733,open,D
11681.84,58274,open,D
1640961.0,35653,open,W
23099.29,10051,closed,D
19927.65,90394,open,D
33060.63,73735,open,D
562500.0,77497,open,W
49.57,48032,open,D
41420.36,8146,open,D
4887.25,44790,open,D
237.59,92998,open,D
14854.81,45964,closed,D
24599.86,25870,open,D
39696.67,41911,open,D
22704.17,48833,unknown,D
14534.14,18541,open,D
15478.72,9223,open,D
21074.68,88167,open,D
3083.51,29931,open,D
15410.24,36193,closed,D
15394.02,31487,open,D
14952.69,80180,open,D
54501.28,85940,open,D
1181569.0,38143,open,L
1008016.0,61833,open,L
243049.0,4621,closed,W
30915.18,99581,open,D
28207.62,18369,open,D
11398.72,59109,open,D
998.47,7950,open,D
8909.89,46852,open,D
50069.02,86416,open,D
37728.46,28877,open,D
32464.95,2586,open,D
760384.0,50092,open,W
32582.48,90033,open,D
9073.41,57441,open,D
32951.47,67601,open,D
868624.0,86242,open,L
27884.93,90672,open,D
37532.47,75902,open,D
27174.42,92272,open,D
20489.05,94716,open,D
39185.88,45206,open,D
33254.65,61464,open,D
27173.26,8781,open,D
319225.0,10638,open,W
40997.95,78615,open,D
24219.32,80215,open,D
49720.5,88728,open,D
31229.13,68404,open,D
21695.68,69005,open,D
4402.38,47660,open,D
12128.39,33507,open,D
330625.0,69290,open,W
19146.95,89092,open,D
6716.61,23966,open,D
27964.43,18942,open,D
29808.43,8372,open,D
22413.99,79444,open,D
17954.63,52368,open,D
22183.69,43654,unknown,D
635209.0,53669,closed,L
599076.0,43423,open,L
722500.0,65557,open,L
1276900.0,98484,open,L
525625.0,57759,closed,W
613089.0,15613,open,W
1338649.0,90480,open,W
59549.0,74940,closed,D
17335.86,47281,open,D
40611.59,38176,open,D
33510.32,25581,open,D
9525.52,27977,open,D
15872.64,68915,open,D
32825.65,99891,open,D
43288.76,85612,open,D
41805.08,48925,open,D
964324.0,76028,open,L
476100.0,3072,open,L
1811716.0,14516,open,W
2036329.0,61186,open,W
1036324.0,25661,closed,W
717409.0,33312,open,W
30952.32,66832,open,D
36797.4,81782,open,D
43781.64,7967,open,D
68115.09,63131,open,D
28135.19,76282,open,D
47870.43,75552,open,D
37811.75,25892,open,D
669124.0,56418,unknown,W
367236.0,21143,unknown,W
9398.33,28577,open,D
46667.79,18455,unknown,D
62663.2,15238,open,D
42076.44,72422,open,D
18252.39,1165,open,D
948676.0,63125,open,W
550564.0,54420,open,W
1254.75,98308,open,D
52764.27,33140,open,D
835396.0,90136,open,L
13596.98,98882,open,D
23397.84,90312,closed,D
95.29,53463,open,D
1092025.0,76084,open,L
990025.0,18596,open,L
16012.39,95795,open,D
22025.3,10834,open,D
591361.0,60355,open,L
1965604.0,76195,open,L
9364.6,67179,open,D
34087.07,44623,open,D
43966.27,13484,open,D
21028.99,3045,open,D
31663.98,47517,open,D
35291.95,42839,unknown,D
26750.28,52371,open,D
11643.23,86328,open,D
34617.85,82839,open,D
31744.66,73848,open,D
20991.81,44132,open,D
527076.0,66573,open,L
968256.0,59864,open,L
2152089.0,74636,unknown,L
651249.0,12777,open,L
1345600.0,24191,open,L
505521.0,59438,open,L
620944.0,82619,open,L
1026169.0,55774,open,L
749956.0,87720,open,W
1507984.0,74314,open,W
172225.0,5687,open,W
14870.32,57096,open,D
20535.78,56098,closed,D
26765.34,32721,unknown,D
24103.13,93345,open,D
54839.06,424,unknown,D
37589.4,76545,open,D
24398.45,58488,open,D
23149.4,73977,open,D
14125.47,27110,open,D
24721.55,83804,open,D
30140.51,26569,open,D
31687.4,23275,closed,D
994009.0,67657,open,W
376996.0,6002,open,L
494209.0,44077,open,L
660969.0,82786,closed,L
964324.0,23530,unknown,W
12800.39,83254,open,D
5563.8,19763,unknown,D
34408.95,12404,unknown,D
896809.0,8677,open,L
33478.24,22266,open,D
23649.79,52975,open,D
14869.99,94120,open,D
2099601.0,57780,open,W
10706.39,14226,closed,D
60301.54,41038,open,D
29618.13,60718,closed,D
4690.05,52884,open,D
24440.25,91856,closed,D
352836.0,35619,open,L
690561.0,74966,open,L
770884.0,27093,unknown,L
3924.75,41635,open,D
23751.46,80803,open,D
28620.56,2115,open,D
17456.72,56995,open,D
43611.44,12433,open,D
32343.89,84212,open,D
427716.0,96289,open,L
1079521.0,74401,closed,L
1435204.0,6035,unknown,L
2027776.0,98828,open,L
10929.97,30981,open,D
12696.84,34312,closed,D
35817.8,85354,open,D
26764.49,54347,closed,D
51269.81,62065,open,D
28246.62,52279,open,D
22445.19,29922,closed,D
26576.37,97168,open,D
51474.88,95985,open,D
25786.46,72103,open,D
25010.56,83462,open,D
15625.68,33896,open,D
1297321.0,68717,unknown,L
707281.0,10616,open,L
2298256.0,91742,open,W
421201.0,75074,open,W
440896.0,60735,open,W
1838736.0,15830,open,W
960400.0,49638,open,W
18225.0,16500,open,W
5951.1,88312,unknown,D
16971.07,12682,open,D
16755.27,21047,closed,D
15043.57,47491,open,D
33984.01,10780,open,D
16289.24,77343,open,D
42021.86,85257,open,D
28249.62,52718,open,D
26288.82,76047,closed,D
32182.93,9747,open,D
1444804.0,40096,open,L
1136356.0,52005,open,L
1058841.0,31976,open,L
912025.0,93848,open,L
15730.64,59461,open,D
34883.48,86589,open,D
22305.1,98079,open,D
36139.67,91339,open,D
19901.42,94537,open,D
10339.1,91766,open,D
41371.75,20514,open,D
29872.59,40587,open,D
23002.86,40083,open,D
20136.01,5797,open,D
14024.01,14741,open,D
59226.97,1115,open,D
5458.14,72957,open,D
525625.0,16350,closed,L
912025.0,62752,open,L
756900.0,15695,open,L
893025.0,47646,open,L
1630729.0,55913,open,L
824464.0,46269,open,L
1132096.0,69180,open,W
487204.0,20898,open,W
1876900.0,83649,open,W
8908.48,14707,open,D
50522.66,17970,open,D
21147.38,93952,open,D
36322.0,38663,open,D
15477.84,62613,open,D
20266.93,64148,open,D
531441.0,96873,open,W
27501.12,84438,open,D
27035.85,29548,open,D
28618.7,98893,unknown,D
5885.02,32826,open,D
13486.32,83169,open,D
45206.85,67820,closed,D
24791.51,78089,closed,D
69830.63,75455,open,D
7437.54,51318,open,D
31522.26,47487,open,D
62105.64,51339,open,D
25984.54,86639,open,D
1168561.0,53515,open,L
1175056.0,83958,unknown,L
683929.0,25251,open,L
984064.0,15725,open,W
2007889.0,34391,open,W
1418481.0,26648,open,W
923521.0,70822,open,W
801025.0,91506,open,W
2441.38,25767,open,D
50034.86,83131,open,D
33047.24,84525,open,D
40016.56,43531,open,D
43131.45,74634,open,D
24778.05,45613,open,D
14100.07,86135,open,D
17572.62,20565,closed,D
698896.0,35737,open,L
1392400.0,6566,open,L
385641.0,35622,open,L
1361889.0,48943,open,L
280900.0,62446,open,L
1739761.0,57251,closed,W
1545049.0,2393,open,W
42601.39,91753,open,D
18147.8,30322,open,D
5068.53,49445,open,D
44487.91,71297,open,D
731025.0,34294,open,L
1401856.0,44707,open,L
57238.09,49755,open,D
13039.48,43526,open,D
30968.78,92650,closed,D
693889.0,67799,open,W
1024144.0,64761,open,L
34768.51,83936,open,D
21944.72,22702,open,D
14462.84,27652,open,D
54578.8,61550,open,D
23347.81,3684,open,D
53625.05,50068,open,D
31508.58,62589,open,D
617796.0,17275,open,L
770884.0,85956,open,L
1708249.0,91562,open,L
14853.22,22917,open,D
31734.83,78769,closed,D
41485.62,77346,open,D
9657.26,96838,open,D
19786.96,8547,open,D
57363.47,91040,open,D
1315609.0,46575,open,W
2196324.0,48268,open,W
770884.0,26671,open,L
480249.0,11228,open,L
1798281.0,25568,open,L
1010025.0,1325,unknown,L
1123600.0,67898,open,L
1347921.0,56971,open,W
881721.0,21714,open,W
2122849.0,48625,open,W
41676.82,81472,open,D
15969.9,97980,open,D
18352.67,68088,closed,D
8473.55,15230,closed,D
61939.83,74639,open,D
28081.65,3558,open,D
10193.15,75944,open,D
384400.0,25328,open,L
729316.0,29330,open,L
231361.0,86316,open,L
839056.0,77463,open,L
2119936.0,96323,closed,W
18272.32,20556,open,D
35434.49,94299,closed,D
1719.17,77110,open,D
7984.05,73535,open,D
6956.59,56190,open,D
17126.76,98553,open,D
34213.59,41927,open,D
22250.49,68796,open,D
1168561.0,99712,open,W
519841.0,36792,closed,W
23059.7,37729,open,D
7489.48,36148,open,D
3016.72,74812,open,D
14973.74,3547,open,D
42816.7,58701,open,D
391876.0,92266,open,W
1134225.0,11391,open,W
568516.0,14348,closed,W
27887.29,95820,open,D
9029.28,5736,open,D
61658.2,97067,open,D
50230.28,66944,open,D
299209.0,55027,open,W
1089936.0,99839,open,W
988036.0,30698,open,W
26679.91,11281,open,D
46485.71,86501,open,D
9764.78,24563,closed,D
14864.92,81951,open,D
3755.58,53393,open,D
26928.06,48313,open,D
44532.4,96338,open,D
10682.47,89312,open,D
12202.35,16343,open,D
857476.0,10746,open,L
1227664.0,20847,open,L
636804.0,97293,open,L
743044.0,50944,open,L
446224.0,9796,closed,W
381924.0,75677,closed,W
802816.0,65310,open,L
1229881.0,55251,closed,L
153664.0,37212,open,W
2108304.0,40693,open,W
1560001.0,72052,closed,W
6939.51,37759,open,D
49638.98,56396,open,D
40201.07,79006,open,D
4837.91,55195,open,D
1918225.0,53886,open,W
20247.12,49976,open,D
19429.15,97383,open,D
40377.49,93998,open,D
28527.97,75166,open,D
17750.02,15585,open,D
1477.61,4915,open,D
25302.19,23697,open,D
7988.38,20566,open,D
18111.35,29929,open,D
946729.0,3493,open,L
2169729.0,23958,open,W
11171.69,42513,open,D
14167.66,96525,unknown,D
11599.53,17859,open,D
3023.55,26013,closed,D
17644.27,40467,open,D
28434.9,58183,open,D
20948.37,73572,open,D
16166.01,55964,open,D
14608.57,6866,open,D
19745.41,87254,open,D
20579.65,89412,open,D
29198.4,38015,open,D
32633.37,87074,open,D
30548.64,42259,open,D
15430.23,97731,open,D
1048576.0,56061,open,L
1819801.0,37953,open,L
2223081.0,86680,open,L
1857769.0,42715,open,L
1069156.0,33298,open,L
483025.0,70970,open,L
998001.0,36426,open,L
1281424.0,79058,open,L
974169.0,5435,closed,W
448900.0,14231,open,W
1505529.0,83229,open,W
2119936.0,42740,open,W
337561.0,548,closed,W
722500.0,89876,open,W
633616.0,20490,open,W
39882.67,1841,unknown,D
32513.01,27130,open,D
49494.67,56996,open,D
954529.0,92621,open,W
2424249.0,5429,open,W
42700.05,41588,open,D
49733.42,70710,open,D
29629.51,4180,open,D
4606.73,4876,open,D
28850.08,24566,open,D
58494.43,82458,open,D
19643.96,14976,open,D
2256004.0,6991,open,W
970225.0,26350,open,W
24062.96,41349,open,D
26964.35,589,open,D
14914.94,7704,closed,D
2079364.0,64821,open,W
804609.0,88860,unknown,W
1408969.0,79483,open,W
1236544.0,9885,open,W
352836.0,61879,open,W
1605289.0,7365,open,L
1249924.0,17664,open,L
506944.0,34692,open,L
722500.0,62562,open,W
927369.0,59310,open,W
30132.79,2312,closed,D
15435.68,30907,open,D
39702.23,36809,open,D
26951.6,88200,open,D
1503076.0,28599,open,L
1020100.0,39923,open,L
27061.17,34771,open,D
18320.93,87481,open,D
54391.32,1392,open,D
35706.23,40073,open,D
42317.43,70328,open,D
828100.0,42115,closed,L
1234321.0,48306,open,L
261121.0,3600,unknown,W
13701.29,74957,open,D
29908.05,46193,closed,D
20137.5,85296,open,D
62726.04,26813,open,D
35680.41,99115,open,D
15641.93,43537,closed,D
22781.78,28785,open,D
8132.54,24297,open,D
1488400.0,66968,open,W
51716.41,22838,open,D
3401.11,82599,closed,D
37499.68,50992,open,D
35193.04,30235,open,D
38007.05,41035,open,D
31349.24,81420,open,D
2915.5,5850,open,D
2010724.0,60596,open,L
1012036.0,97766,closed,L
26818.75,34197,unknown,D
24429.32,33640,open,D
17338.98,31511,closed,D
58583.11,99655,unknown,D
1385329.0,29734,open,L
579121.0,39771,open,W
970225.0,67628,open,L
917764.0,90806,open,W
727609.0,14648,open,W
39387.18,82082,open,D
48695.09,63182,open,D
565504.0,30328,open,W
649636.0,85591,open,W
1960000.0,26304,open,W
683929.0,11760,open,W
2217121.0,38644,open,W
27597.13,77339,open,D
41101.13,75466,open,D
39507.9,52853,open,D
12272.32,13798,open,D
36661.72,22002,open,D
30505.39,12830,open,D
1392.56,24870,open,D
30664.8,26654,open,D
1364224.0,75882,open,L
783225.0,65749,open,W
1270129.0,63638,unknown,W
440896.0,63158,open,W
1129969.0,59702,open,W
974169.0,11549,closed,W
219961.0,84404,open,W
772641.0,61344,unknown,W
1281424.0,45040,open,W
48957.49,57420,open,D
1008016.0,71529,open,W
792100.0,33797,open,L
2458624.0,66937,open,W
17765.03,16657,open,D
43942.9,18362,open,D
13116.48,20589,open,D
28268.97,30233,open,D
18227.54,87411,open,D
32815.31,14809,open,D
23240.97,93970,open,D
57213.22,50247,open,D
35887.84,19573,open,D
35761.57,58877,open,D
26312.68,29060,open,D
758641.0,72062,open,W
1763584.0,5493,open,W
16896.69,34419,open,D
12181.44,66334,open,D
45363.3,44921,open,D
9185.04,32790,open,D
28754.07,29536,open,D
2598544.0,74343,open,W
1265625.0,9707,unknown,W
67090.63,80483,open,D
30401.28,53565,open,D
23782.48,36729,open,D
101575.85,70428,open,D
788544.0,39117,open,L
348100.0,50700,open,W
1555009.0,44584,open,W
648025.0,33774,open,W
1153476.0,19758,open,W
950625.0,11152,open,W
2689600.0,6393,open,W
15548.18,5813,open,D
15368.58,42597,open,D
24653.45,71202,open,D
19761.95,70886,open,D
9087.16,46452,open,D
47295.32,24893,closed,D
1760929.0,4235,closed,W
58039.95,95910,open,D
57317.05,78861,open,D
61982.21,94113,open,D
11470.12,21449,open,D
6113.67,68611,open,D
3105.9,8634,open,D
23090.36,42528,open,D
80420.55,57461,open,D
20435.92,94003,open,D
5764.59,52109,closed,D
36661.18,34387,open,D
41292.62,61157,open,D
900601.0,42166,open,L
1042441.0,11626,unknown,L
558009.0,3851,open,W
48139.66,42409,closed,D
46388.02,81810,open,D
38829.62,95576,open,D
22999.76,77197,open,D
20334.41,18748,open,D
34690.99,60915,closed,D
44859.49,32282,open,D
21281.18,15723,open,D
39635.24,65531,open,D
15096.93,873,open,D
625681.0,73948,open,L
1425636.0,51320,closed,L
751689.0,65879,open,L
1119364.0,12553,open,L
992016.0,40118,open,L
844561.0,46820,open,W
1054729.0,53082,open,W
2128681.0,35350,open,W
6158.44,53377,unknown,D
20125.9,57221,open,D
10808.3,95954,open,D
5453.88,16734,open,D
64651.14,63342,closed,D
54973.92,54895,open,D
2594.17,30068,closed,D
20679.24,13035,open,D
15734.98,42579,unknown,D
24098.87,15619,open,D
1592644.0,66804,open,L
729316.0,32205,open,W
1221025.0,71841,open,W
643204.0,44146,open,W
889249.0,53230,open,W
27942.95,13635,open,D
39513.86,25898,open,D
77208.73,14842,open,D
1682209.0,56409,open,W
11341.1,84422,open,D
19112.64,60813,open,D
50291.74,52499,open,D
16361.1,57111,open,D
6924.76,82898,open,D
21699.71,88290,open,D
25278.28,37479,open,D
26333.28,97617,closed,D
8819.6,12615,closed,D
10110.88,69257,open,D
37955.03,96119,open,D
47608.94,82219,closed,D
9856.39,21699,open,D
1437601.0,91017,open,L
705600.0,56514,unknown,L
1703025.0,80348,open,L
870489.0,4747,open,L
1592644.0,90092,open,W
719104.0,86660,open,W
1201216.0,73923,unknown,W
881721.0,28760,open,W
551.57,80048,open,D
24528.77,77063,open,D
41409.41,93457,open,D
719104.0,62235,open,L
1225449.0,70006,open,W
632025.0,88401,open,W
1087849.0,59879,open,W
172225.0,45154,open,W
7329.72,58151,open,D
17828.05,45688,open,D
46893.73,79164,open,D
20675.21,50354,open,D
27926.32,97627,open,D
14068.37,63836,open,D
41668.16,83801,open,D
14533.7,86568,open,D
55060.59,97574,open,D
17040.1,30126,open,D
62164.13,58091,open,D
960400.0,92420,open,L
1138489.0,40018,open,L
1710864.0,2916,open,W
783225.0,30615,open,W
12269.01,15663,open,D
20667.69,97736,closed,D
26350.58,93105,open,D
24073.43,82780,closed,D
28918.35,5677,open,D
25365.06,12015,open,D
44345.71,82974,open,D
1495729.0,19178,open,L
1026169.0,35516,open,L
1181569.0,31156,open,L
1752976.0,17041,open,L
1168561.0,97611,open,L
1758276.0,38498,open,W
1623076.0,91199,unknown,W
12752.74,48642,open,D
22261.83,26168,open,D
20458.93,28611,open,D
14055.36,17164,open,D
37770.39,16819,open,D
1677025.0,6310,open,W
990025.0,10406,open,W
708964.0,36844,closed,W
34633.94,3075,open,D
6750.49,68649,open,D
85.55,89977,open,D
974169.0,37712,unknown,W
28798.68,72113,open,D
14436.86,41704,open,D
35163.63,78938,open,D
14435.89,7369,closed,D
34186.25,18781,open,D
39750.18,3261,open,D
11416.01,86748,open,D
17332.63,82553,open,D
24568.05,82598,closed,D
26902.32,35811,open,D
45843.12,897,open,D
1354896.0,81492,open,L
462400.0,9491,open,L
1481089.0,3716,open,W
301401.0,11708,unknown,W
734449.0,31666,open,W
304704.0,83413,closed,W
2362369.0,43131,open,W
1216609.0,22339,open,W
15531.89,67997,open,D
21678.6,73536,open,D
20385.99,77913,open,D
7995.27,68497,open,D
19824.58,97169,open,D
11318.22,27572,open,D
32823.32,72603,open,D
1301881.0,30734,unknown,L
1110916.0,67973,open,L
30184.73,99067,open,D
32134.3,53399,open,D
10082.75,35415,open,D
7657.17,40470,open,D
10840.49,34838,unknown,D
18696.11,59587,open,D
3646.75,19985,open,D
18971.56,70781,open,D
8176.05,17152,open,D
27675.92,30236,open,D
915849.0,97622,open,W
4165.36,53601,open,D
19442.2,20697,open,D
36855.29,21415,open,D
53250.98,41827,open,D
27623.29,81781,open,D
8772.85,35678,open,D
25304.06,13791,open,D
56025.63,95688,open,D
22475.47,13143,open,D
19909.44,82604,open,D
16665.09,90747,open,D
430336.0,73731,open,L
1308736.0,86163,open,L
804609.0,33624,open,L
21834.52,40459,closed,D
15133.05,52015,open,D
44959.3,90228,closed,D
67193.72,23992,open,D
1170724.0,27545,open,L
17964.68,80489,open,D
15932.17,34345,closed,D
40053.17,4618,open,D
50638.42,49027,unknown,D
4207.26,24765,open,D
737881.0,36832,closed,L
44549.77,26824,open,D
6401.82,12755,open,D
8431.66,46471,open,D
45403.65,2368,open,D
577600.0,37216,open,L
1225449.0,91749,open,L
1048576.0,94365,open,L
657721.0,91564,open,L
28968.56,98198,open,D
63935.07,18257,closed,D
9702.26,45144,open,D
889.62,88023,open,D
12816.53,25838,open,D
33293.62,50810,open,D
16211.0,80117,open,D
913936.0,20499,closed,L
1132096.0,65815,open,L
1263376.0,67357,open,L
4778.18,23589,open,D
8016.4,93133,open,D
22887.67,28105,open,D
20723.78,82730,closed,D
18749.39,32431,open,D
29069.39,4617,open,D
12282.26,98682,open,D
7694.08,84622,open,D
28703.79,66302,open,D
494209.0,85285,open,L
1520289.0,79350,open,L
36804.3,74615,open,D
31317.85,62593,open,D
1478656.0,93759,open,L
10057.13,82098,open,D
23445.08,11602,open,D
45084.57,53309,open,D
22703.15,64666,open,D
547.42,98541,open,D
9761.77,332,open,D
11586.45,26244,open,D
1535121.0,27182,open,L
1965604.0,96268,open,L
636804.0,4350,open,L
703921.0,51643,open,L
958441.0,68638,open,W
1373584.0,65917,closed,W
641601.0,70536,open,W
3272481.0,54255,open,W
518400.0,2852,open,W
1012036.0,83602,closed,W
25559.27,35254,closed,D
27632.14,61267,open,D
8266.88,36812,open,D
1123600.0,42323,open,W
12915.9,23920,closed,D
42678.21,11774,open,D
8860.2,42460,open,D
32203.53,36548,open,D
25710.96,30246,open,D
26569.79,38087,open,D
925444.0,90517,open,W
795664.0,96132,unknown,W
1301881.0,16512,open,L
17950.9,18463,open,D
6519.44,5767,open,D
35648.27,87852,open,D
20530.57,88021,open,D
21880.16,13187,open,D
1575025.0,41480,open,W
8098.08,85831,unknown,D
1183744.0,70708,open,W
327184.0,86753,open,W
811801.0,14564,open,W
1515361.0,94380,open,L
680625.0,21570,open,L
1179396.0,30661,open,L
870489.0,19672,open,W
311364.0,68531,open,W
1776.73,22770,open,D
11999.51,43057,open,D
18419.52,66014,open,D
7712.23,85395,unknown,D
13902.62,53665,open,D
43561.29,12843,open,D
40061.8,9746,open,D
7817.63,14005,open,D
10781.25,76067,open,D
537.2,23269,open,D
1002001.0,79381,open,L
1172889.0,87548,closed,L
954529.0,55108,open,L
944784.0,30756,closed,L
848241.0,44017,open,L
369664.0,352,open,W
356409.0,68890,open,W
348100.0,84324,open,W
41840.37,14214,open,D
8878.37,84237,open,D
13276.86,97646,open,D
21457.32,58605,open,D
4526.83,71855,open,D
33328.57,53807,open,D
925444.0,26511,open,L
1236544.0,50488,closed,L
1138489.0,67697,open,L
801025.0,94215,open,L
933156.0,17940,open,W
923521.0,15075,open,W
2067844.0,17693,open,W
1373584.0,21414,open,W
1915456.0,17169,open,W
15879.36,99508,open,D
45698.54,64772,open,D
31441.24,7999,open,D
40931.75,11017,open,D
732736.0,67015,open,L
26635.95,62529,open,D
36217.04,1156,closed,D
55202.99,94386,closed,D
15892.79,12473,open,D
38441.37,67860,open,D
743044.0,61810,open,L
20238.48,46213,open,D
25709.16,48157,open,D
1167.34,65805,open,D
2259009.0,81295,open,W
1028196.0,99739,open,W
29565.05,81666,open,D
13304.57,31136,open,D
22679.15,33088,open,D
21258.9,40229,open,D
27615.61,58011,open,D
24177.97,75087,open,D
6504.75,15932,closed,D
921600.0,26310,open,W
1643524.0,80827,open,W
386884.0,70783,open,W
692224.0,37213,open,W
46960.95,99254,open,D
14462.42,57455,open,D
29363.43,49535,open,D
1747684.0,23463,open,L
736164.0,2451,unknown,L
531441.0,78326,open,L
9472.1,77508,open,D
14687.0,28866,open,D
3106.66,38622,open,D
1454436.0,56293,open,L
1179396.0,85849,open,L
1399489.0,48718,open,L
66269.67,98191,open,D
10687.11,66702,open,D
33248.55,44185,open,D
24634.53,55272,open,D
38210.85,37048,closed,D
24686.8,50341,open,D
31319.46,70344,open,D
19412.96,93037,open,D
29122.35,89974,open,D
22050.22,49723,open,D
950625.0,62315,open,L
494209.0,29573,open,L
1092025.0,58425,closed,L
614656.0,45585,open,L
484416.0,46791,open,L
1256641.0,96210,closed,L
861184.0,52812,open,L
811801.0,6674,open,W
698896.0,69037,open,W
446224.0,8815,open,W
556516.0,46957,open,W
946729.0,96401,open,W
268324.0,50446,closed,W
15383.27,54979,open,D
25726.56,71994,open,D
33157.64,33750,open,D
12328.84,99252,open,D
18816.35,55627,open,D
29567.22,14926,open,D
558009.0,33561,open,W
29294.8,61841,open,D
20146.26,28521,open,D
38707.96,20466,open,D
31153.07,11420,open,D
15115.17,29723,closed,D
24929.46,25587,open,D
23861.67,19878,open,D
28900.61,80197,open,D
300.05,60777,open,D
8281.91,50904,unknown,D
8241.8,73865,open,D
23850.23,33399,open,D
11500.43,40222,open,D
18828.5,34101,open,D
17997.98,11477,open,D
964324.0,14670,open,L
1022121.0,45003,open,L
931225.0,90285,open,L
815409.0,39152,open,L
1134225.0,98335,open,L
558009.0,92593,open,L
755161.0,47955,open,L
1575025.0,54336,unknown,W
921600.0,67718,unknown,W
2471184.0,57892,open,W
714025.0,48764,open,W
628849.0,49184,open,W
33878.12,4462,open,D
38058.65,11926,open,D
25822.23,96693,unknown,D
36198.3,97648,closed,D
38418.59,80852,open,D
21295.95,80344,open,D
16052.91,31698,open,D
82.84,73144,open,D
21246.17,12699,open,D
40675.02,21586,open,D
32023.35,43376,closed,D
927369.0,53027,open,L
585225.0,91062,open,L
1827904.0,97073,open,W
270400.0,43382,open,W
2033476.0,70738,closed,W
577600.0,55791,open,W
284089.0,7252,closed,W
996004.0,67216,open,W
24686.69,70316,open,D
14118.19,16692,open,D
52265.54,50862,open,D
30860.66,65990,open,D
4070.43,65314,open,D
35363.13,43594,open,D
23720.91,91085,open,D
3667.57,98725,open,D
22219.95,13173,open,D
51407.64,84913,open,D
19589.1,50204,open,D
1320201.0,68952,closed,L
1476225.0,58369,closed,L
1008016.0,53742,unknown,L
1565001.0,30870,open,W
976144.0,78963,open,W
1232100.0,12100,open,W
508369.0,13318,open,W
662596.0,57381,open,W
2992.05,19157,open,D
28682.55,26162,open,D
11646.51,44414,open,D
40405.55,48015,unknown,D
25251.9,37580,open,D
16543.25,75369,open,D
20380.4,51497,open,D
707281.0,90991,open,L
1229881.0,33149,open,L
784996.0,91803,open,L
603729.0,69611,open,L
455625.0,25727,open,L
654481.0,48385,open,W
2022084.0,49397,open,W
179776.0,24799,open,W
1212201.0,56922,open,W
50759.93,3043,closed,D
32964.4,86226,unknown,D
20853.92,80975,open,D
17851.07,87162,open,D
27733.66,55024,open,D
15854.48,35422,open,D
27938.12,62892,open,D
10999.96,4232,unknown,D
33662.21,12533,open,D
23737.99,73133,open,D
11074.07,12384,open,D
29909.93,31285,open,D
7632.69,93879,open,D
13654.13,32232,open,D
11724.84,23267,open,D
853776.0,96416,open,L
1399489.0,24782,unknown,W
2402500.0,97017,open,W
804609.0,48256,closed,W
1459264.0,90307,unknown,W
207025.0,33103,open,W
59679.7,72814,open,D
20219.29,30061,open,D
12743.74,60602,closed,D
3815.26,99880,open,D
39694.29,65325,open,D
26212.49,96206,open,D
1331716.0,22716,open,L
1406596.0,97773,closed,L
1937664.0,73006,open,L
1119364.0,78773,open,L
42314.26,28608,closed,D
49732.78,61339,unknown,D
36679.13,65244,open,D
64976.76,88889,open,D
26641.67,7632,open,D
46056.18,92475,open,D
18196.89,30521,open,D
861184.0,74751,open,W
672400.0,11654,open,W
256036.0,61598,closed,W
885481.0,68697,unknown,W
13276.76,69605,open,D
50610.57,89986,open,D
47840.47,50646,open,D
26677.09,65499,open,D
5975.43,23705,open,D
6771.59,62092,open,D
1485961.0,82732,unknown,W
565504.0,85407,open,W
33978.33,16354,open,D
26185.42,74064,unknown,D
448900.0,60493,open,L
37027.13,47864,open,D
47676.76,911,open,D
11018.05,76352,open,D
9575.86,47053,open,D
30027.77,99919,open,D
37762.84,19373,open,D
15646.29,13587,open,D
10189.5,89484,open,D
19831.7,88552,open,D
12522.99,10517,open,D
13029.88,77080,open,D
11381.99,61730,open,D
4760.2,84946,open,D
26113.01,22221,open,D
72513.77,7776,open,D
11851.51,76301,unknown,D
795664.0,22857,open,W
8001.04,46778,open,D
47906.7,95704,open,D
43395.18,49778,closed,D
18635.91,16548,open,D
1404225.0,91975,open,L
565504.0,36199,open,L
753424.0,2778,open,L
758641.0,50752,open,L
5761.52,93166,open,D
40408.47,91537,open,D
11992.57,50760,open,D
23808.63,41458,open,D
28018.55,48960,open,D
27348.34,55393,open,D
2277081.0,62660,open,W
304704.0,16369,closed,L
18960.85,69512,open,D
17462.12,69226,open,D
4800.93,86699,open,D
44862.4,9921,open,D
23277.74,82033,closed,D
15326.7,86321,open,D
42189.9,37037,open,D
9484.72,33585,open,D
1890625.0,90765,open,W
18596.3,81966,open,D
40379.57,81243,open,D
1819801.0,67334,open,W
19612.06,82258,open,D
14160.15,44542,open,D
25980.37,7341,open,D
28784.53,18486,open,D
7662.88,74760,open,D
13684.1,94653,open,D
8649.64,27265,open,D
44498.6,80676,open,D
3765.79,38294,open,D
309136.0,851,open,L
1132096.0,10930,open,L
670761.0,74123,open,L
1390041.0,14811,open,L
929296.0,64182,open,L
799236.0,49640,closed,L
535824.0,41786,open,W
724201.0,90916,open,W
1819801.0,39435,open,W
1844164.0,66961,open,W
690561.0,51239,open,W
8766.26,33556,open,D
23551.62,21862,open,D
17938.05,20291,open,D
10039.89,3145,open,D
17653.73,66027,open,D
26701.56,74413,open,D
23203.81,24243,open,D
459684.0,4209,open,W
2149156.0,50157,open,W
19736.29,12152,open,D
30648.54,74021,open,D
9620.09,64004,open,D
47072.95,96145,open,D
14835.67,31759,unknown,D
1547536.0,19489,open,W
1447209.0,49392,open,W
1092025.0,50666,open,W
357604.0,76516,open,W
310249.0,80488,open,W
49525.35,83068,open,D
9839.0,52280,open,D
25357.87,6995,open,D
3502.16,49515,open,D
19522.54,97485,open,D
32813.22,34422,open,D
27230.3,86580,open,D
10405.81,7167,open,D
24575.87,82122,open,D
811801.0,91672,open,L
929296.0,49466,open,L
1136356.0,12011,open,L
16876.45,79083,open,D
12567.9,52388,open,D
36500.1,24593,closed,D
8705.64,71628,closed,D
11669.01,61864,open,D
1032256.0,32257,open,W
1602756.0,42079,closed,W
656100.0,70623,open,W
364816.0,5854,open,W
7670.63,72961,closed,D
1157776.0,19891,open,W
6288.11,24134,open,D
24255.8,16638,open,D
27942.37,55333,open,D
23737.73,18498,open,D
6740.95,65077,open,D
31139.68,74450,open,D
93537.94,34006,open,D
46393.16,41353,open,D
1695204.0,78349,closed,L
753424.0,21737,open,L
1212201.0,56515,open,L
683929.0,96710,open,L
741321.0,5964,open,L
1560001.0,6230,open,W
1726596.0,84990,open,W
985.97,27701,open,D
16684.0,65321,open,D
8803.65,6636,open,D
22776.67,30343,closed,D
34138.99,80375,open,D
57923.26,32382,open,D
10444.32,51999,open,D
18236.29,76017,open,D
7175.65,46148,open,D
861184.0,95189,open,L
1207801.0,52862,open,L
1444804.0,90057,open,L
20920.69,19307,open,D
29628.46,26247,open,D
15352.93,44614,unknown,D
12473.03,32332,open,D
12851.0,77149,open,D
55090.73,80394,open,D
1002001.0,46101,closed,W
25569.07,33587,open,D
25421.95,29441,open,D
46492.23,2358,open,D
2039184.0,13289,open,L
1515361.0,56583,closed,L
571536.0,33384,open,L
1301881.0,53797,open,W
908209.0,8425,open,W
231361.0,97111,open,W
2208196.0,39466,open,W
685584.0,26502,open,W
44696.12,33679,closed,D
52038.16,23310,open,D
29608.01,82963,open,D
2013561.0,76494,open,W
1225449.0,53490,open,L
896809.0,98962,unknown,L
1920996.0,31658,open,W
15300.52,17698,open,D
7911.47,64876,open,D
31596.57,23286,open,D
18510.86,52264,open,D
45890.66,21807,open,D
288369.0,42086,open,W
1592644.0,8055,open,W
13216.87,72972,open,D
2305.8,79195,closed,D
18584.33,72140,open,D
31312.94,41264,open,D
21498.75,78876,closed,D
11705.99,65649,open,D
783225.0,45746,open,L
1102500.0,2983,open,L
1507984.0,54453,open,L
17391.36,70952,open,D
27106.1,66626,open,D
23783.61,67834,open,D
34451.3,14460,open,D
37463.07,92355,open,D
31831.75,72427,open,D
15261.5,42922,open,D
29320.22,48752,unknown,D
5223.04,29835,unknown,D
37507.62,93590,open,D
18316.74,39275,open,D
12521.92,17437,open,D
33615.61,17203,open,D
29966.15,98619,open,D
1164241.0,29717,open,L
938961.0,56593,open,L
774400.0,27286,open,L
8689.23,674,open,D
11574.51,49159,open,D
33495.84,47980,open,D
4489.71,90449,open,D
1527.41,23052,open,D
62010.66,91571,open,D
30972.23,16863,open,D
9528.97,36462,open,D
14859.49,1295,open,D
12021.34,73337,open,D
39767.14,86514,open,D
1153476.0,56072,open,L
1194649.0,15850,open,L
693889.0,81838,open,L
667489.0,65353,open,L
2166784.0,82053,open,W
654481.0,95706,open,W
729316.0,54403,open,W
641601.0,50952,open,W
306916.0,25773,open,W
1044484.0,61756,open,W
52450.54,54377,open,D
36149.78,22572,open,D
14273.71,66290,open,D
54220.43,6926,closed,D
488601.0,35336,open,W
715716.0,97667,open,W
52706.6,87486,open,D
16695.04,31789,closed,D
13387.32,13571,open,D
11671.61,5768,open,D
6150.71,91324,open,D
19008.58,7596,open,D
23335.16,36499,open,D
1595169.0,88644,open,W
799236.0,21217,open,W
26740.16,88836,open,D
40453.8,44018,closed,D
29252.43,16178,open,D
22469.1,21938,open,D
308025.0,31711,open,W
715716.0,49838,open,W
33132.85,73957,open,D
23222.92,42696,open,D
46454.98,96358,open,D
14965.83,66682,closed,D
16334.25,56003,unknown,D
3805.29,21882,open,D
24930.53,29706,open,D
35027.43,71980,unknown,D
35363.95,69829,unknown,D
44910.83,90888,open,D
1755625.0,38722,open,W
237169.0,76819,open,W
840889.0,48409,open,W
894916.0,50322,open,W
1394761.0,31239,open,W
5967.42,73940,open,D
17771.44,3218,closed,D
15075.49,99512,open,D
29418.92,47336,open,D
25487.23,6864,open,D
8047.62,58722,open,D
37478.87,66645,closed,D
14412.7,73514,closed,D
17353.37,70608,closed,D
30741.18,1442,open,D
28805.61,70863,open,D
17143.81,25544,open,D
13045.49,37099,open,D
992016.0,72527,open,L
1258884.0,46270,open,L
393129.0,92497,open,L
690561.0,11737,open,L
1276900.0,73145,open,L
927369.0,28128,open,L
1229881.0,70493,open,L
887364.0,59500,open,L
1002001.0,56494,open,L
769129.0,84467,open,L
635209.0,40487,open,L
1364224.0,19320,open,W
853776.0,94149,open,W
19763.17,16518,closed,D
47416.31,28519,open,D
632025.0,32002,open,W
2524921.0,7777,open,W
54655.85,27933,open,D
28850.34,1593,closed,D
53605.9,32948,open,D
20449.0,12081,open,D
19885.98,33072,closed,D
22092.88,93777,open,D
47904.94,14667,open,D
205209.0,86214,open,W
24980.63,92809,closed,D
12242.62,25423,unknown,D
83245.84,82868,open,D
22368.93,46084,open,D
18515.26,45114,closed,D
11314.11,61489,open,D
26201.46,30944,closed,D
18671.43,82844,open,D
33931.53,11738,open,D
1121481.0,36255,open,L
649636.0,98808,open,L
817216.0,38696,unknown,L
1042441.0,70908,open,L
443556.0,97384,open,L
1308736.0,4708,open,L
1092025.0,79108,open,L
21899.31,61499,open,D
54530.63,227,closed,D
22346.07,64392,open,D
16493.84,67344,open,D
15978.22,29974,open,D
2907.81,86850,open,D
54163.62,71534,open,D
22415.58,92967,open,D
16482.36,65260,closed,D
30990.88,36060,closed,D
7926.85,90353,open,D
26571.28,23855,unknown,D
6675.22,73562,open,D
15460.27,77268,open,D
6138.17,37219,open,D
592900.0,34390,unknown,L
638401.0,75256,open,L
1960000.0,64111,open,L
855625.0,41016,unknown,L
1327104.0,2625,open,L
1203409.0,91589,open,L
19919.01,31788,open,D
21213.12,40545,open,D
2745649.0,67688,open,W
2220100.0,26590,open,W
246016.0,76289,open,W
2125764.0,54355,open,W
278784.0,94060,open,W
23932.54,85113,closed,D
30715.53,47751,open,D
6902.67,41265,unknown,D
19525.72,31118,open,D
27217.74,64016,open,D
16961.7,88736,open,D
1272384.0,41917,open,L
1347921.0,35426,open,L
1334025.0,82923,open,L
543169.0,96811,open,W
19343.64,20166,open,D
25393.28,22876,open,D
15802.84,80106,open,D
16185.42,8989,open,D
7192.68,68087,open,D
779689.0,42821,open,L
744769.0,82215,open,L
722500.0,45778,unknown,L
5560.36,90294,closed,D
20332.6,30626,open,D
1155625.0,10657,open,L
1677025.0,94048,open,L
851929.0,4510,open,W
1008016.0,99233,closed,W
729316.0,82901,open,W
21409.86,47485,open,D
20546.88,29495,unknown,D
40350.5,4782,open,D
104585.66,59588,open,D
10260.71,30697,unknown,D
1285956.0,76905,open,W
1932100.0,28169,open,W
546121.0,94820,open,L
13456.0,37472,open,W
1507984.0,41459,open,W
32242.42,85984,open,D
84869.16,68940,open,D
8606.74,20205,open,D
891136.0,43313,open,W
35929.78,52343,open,D
17280.57,71170,open,D
16435.48,85590,open,D
29015.94,31996,open,D
31783.17,73649,open,D
18527.28,46450,open,D
1026169.0,14054,open,L
1510441.0,96655,open,L
33836.13,4297,open,D
14814.34,67553,closed,D
19241.59,57785,open,D
18157.75,47744,open,D
55737.18,90537,open,D
55488.84,70256,open,D
30062.24,89321,open,D
39153.41,82386,open,D
41214.34,5857,open,D
32853.45,59204,open,D
13200.01,75653,closed,D
13451.43,52935,closed,D
33966.33,45840,closed,D
619369.0,42067,open,L
779689.0,29333,open,L
1153476.0,69027,open,L
627264.0,73239,open,L
232324.0,55934,closed,W
1500625.0,29689,open,W
781456.0,23963,closed,W
2446096.0,6161,open,W
1625625.0,28469,open,W
289444.0,45822,open,W
1336336.0,29426,open,L
879844.0,68675,open,L
2883204.0,53615,open,W
741321.0,277,open,W
1592644.0,26757,open,W
1297321.0,64101,open,L
2253001.0,86344,open,L
1951609.0,70457,open,W
35896.59,82835,open,D
30177.44,86943,open,D
9467.26,60344,open,D
26767.56,55841,open,D
26217.89,20876,open,D
28531.69,4581,open,D
8825.39,32536,open,D
31214.34,24100,open,D
2220100.0,17423,closed,W
1164241.0,23652,unknown,L
527076.0,99435,closed,W
736164.0,14316,open,W
38261.13,96407,open,D
9105.09,47015,closed,D
4928.07,71450,closed,D
6458.16,24128,open,D
31969.98,62202,open,D
1252161.0,52895,open,L
25028.68,20712,open,D
12443.49,81008,open,D
1119364.0,92932,open,W
302500.0,42031,open,W
669124.0,21834,open,W
1836025.0,77188,open,W
915849.0,23519,open,L
562500.0,95930,open,L
824464.0,14434,open,L
1382976.0,53832,open,W
1615441.0,48050,open,W
1214404.0,26335,open,W
10594.49,40808,open,D
25021.79,88392,open,D
1201216.0,42015,open,L
27756.49,36173,open,D
27632.69,84846,open,D
29042.26,92363,open,D
44101.48,13947,open,D
15113.12,46285,open,D
28769.83,56259,open,D
20897.03,76892,open,D
45695.79,81206,open,D
26949.23,97700,open,D
695556.0,17450,open,W
861184.0,5056,open,W
7690.89,39728,open,D
48284.87,39356,open,D
9764.4,4809,open,D
7045.12,58736,open,D
34703.44,89354,open,D
21497.84,20181,open,D
28682.91,25243,open,D
58481.95,93272,open,D
29921.14,48257,open,D
35526.56,60425,open,D
1034289.0,55394,open,W
14808.56,79685,open,D
15457.65,98436,open,D
29351.69,97856,open,D
483025.0,20657,open,W
455625.0,41217,open,W
9946.6,91432,open,D
12648.98,66939,open,D
23586.02,78609,closed,D
48467.95,32786,open,D
758641.0,9000,unknown,W
925444.0,30314,open,W
31220.13,49555,closed,D
35239.69,34836,open,D
20179.23,30958,open,D
8727.02,45762,open,D
51564.92,98277,open,D
22835.7,5714,open,D
927369.0,72594,open,L
160801.0,45682,open,L
27995.15,7515,open,D
29255.97,79324,open,D
51485.89,65936,open,D
25009.74,89345,open,D
53369.19,96541,closed,D
22740.5,72139,open,D
707281.0,8287,unknown,L
552049.0,72386,open,L
937024.0,89809,closed,W
404496.0,88919,unknown,W
494209.0,81427,open,W
2427364.0,25808,open,W
1731856.0,89022,open,L
21232.91,42458,open,D
12082.79,60370,unknown,D
27049.57,73753,open,D
29926.15,24239,unknown,D
19854.16,87896,open,D
30277.18,5421,open,D
29929.04,8540,closed,D
10565.76,92327,open,D
63031.57,2084,unknown,D
33590.61,41401,open,D
23958.64,26508,open,D
17525.12,89162,open,D
30103.19,9215,open,D
26054.5,59249,open,D
753424.0,14179,open,W
1229881.0,10036,open,W
2805625.0,90150,open,W
1121481.0,69561,open,W
19490.28,40873,open,D
948676.0,84220,closed,L
826281.0,96901,open,L
13688.34,88054,closed,D
24306.4,39249,open,D
1841449.0,58103,unknown,W
1094116.0,9321,open,W
141376.0,43029,open,W
35005.42,10102,open,D
24543.54,24755,open,D
22724.97,12109,open,D
58646.33,79587,open,D
21508.73,55787,unknown,D
46667.93,42589,closed,D
25819.33,83301,open,D
40676.61,7210,open,D
12096.03,65636,open,D
1018081.0,99835,open,L
535824.0,34580,open,L
1073296.0,23172,open,L
2042041.0,87790,open,W
2924100.0,95514,open,W
1221025.0,70292,open,W
544644.0,65901,open,W
60516.0,84976,open,W
508369.0,7113,open,W
4225.8,66931,open,D
40897.65,94114,open,D
33049.21,94818,open,D
1094116.0,75263,open,L
1067089.0,99837,open,L
1505529.0,11597,open,L
10227.28,98550,closed,D
13496.62,37607,open,D
25073.2,45479,open,D
24273.94,38078,unknown,D
1708249.0,69801,open,W
3534.21,39493,open,D
18227.68,45197,unknown,D
1600225.0,96266,open,W
45652.04,11376,open,D
25882.23,35109,closed,D
16587.76,71324,open,D
10701.38,26290,open,D
4320.95,64089,closed,D
42273.68,92011,open,D
898704.0,67327,open,L
779689.0,2913,open,L
594441.0,33260,open,W
1132096.0,58852,open,L
1999396.0,81162,open,L
29156.09,15351,open,D
14722.5,74677,open,D
27727.86,24492,open,D
16505.22,74643,open,D
21087.36,90678,open,D
1032256.0,39621,open,L
1322500.0,18222,open,L
46644.41,57845,open,D
19036.56,78796,open,D
1352569.0,3978,open,L
1040400.0,69026,closed,L
2292196.0,49293,open,W
1790244.0,20098,open,W
549081.0,8508,open,W
846400.0,88983,open,W
1062961.0,95266,closed,W
756900.0,8987,open,W
18216.68,44179,open,D
16361.82,49499,open,D
27356.92,70114,open,D
42030.08,41924,unknown,D
13892.17,92926,open,D
20891.9,21301,open,D
27039.62,84004,open,D
24172.89,65817,open,D
11713.15,11904,open,D
3768.84,52451,open,D
1008016.0,46304,open,L
632025.0,52965,open,L
1876900.0,82629,open,L
1142761.0,73458,open,W
2030625.0,85381,open,W
102400.0,91393,closed,W
484416.0,3392,open,W
52352.01,30250,open,D
2412.76,53476,open,D
839056.0,12258,open,W
22451.95,39187,open,D
27777.62,62994,open,D
26095.25,11547,open,D
37498.3,170,open,D
34272.01,90804,closed,D
1345600.0,80966,open,W
619369.0,77668,open,W
1525225.0,59068,open,W
948676.0,85781,closed,L
24993.16,42659,open,D
12554.34,31737,open,D
37256.07,9048,open,D
664225.0,70835,open,W
461041.0,98445,open,W
784996.0,65929,open,W
10134.8,13832,open,D
11526.69,97726,open,D
15560.77,54132,open,D
48591.94,70956,closed,D
1058841.0,52052,open,L
1485961.0,67883,open,L
12910.54,8076,open,D
4629.47,88569,open,D
69239.77,16079,closed,D
15201.7,88586,closed,D
640000.0,79063,open,L
619369.0,90367,open,L
524176.0,75728,open,L
502681.0,5716,open,W
31027.8,8207,open,D
50245.39,80967,open,D
27560.19,14831,open,D
26113.39,91603,open,D
31474.1,9309,open,D
31570.22,22874,closed,D
17973.08,66083,closed,D
15483.71,21635,closed,D
27802.11,67652,open,D
31312.57,59951,open,D
23846.3,66275,open,D
44497.5,25724,unknown,D
32816.08,76860,open,D
732736.0,7620,open,L
893025.0,24588,closed,L
1718721.0,68565,open,L
925444.0,61290,open,L
346921.0,29582,open,W
456976.0,45062,open,W
1729225.0,29579,open,W
366025.0,29130,open,W
354025.0,47814,unknown,W
910116.0,70871,open,W
14275.59,82962,closed,D
1136356.0,54566,unknown,W
1205604.0,11833,open,W
191844.0,29053,open,W
448900.0,83963,closed,W
26605.78,85689,open,D
16726.99,74031,open,D
45794.85,24177,open,D
23647.91,25656,open,D
13813.67,98257,open,D
12633.31,83361,open,D
9733.07,21671,open,D
1352569.0,8265,open,L
1004004.0,99173,open,L
368449.0,28390,open,L
1123600.0,78552,open,L
1071225.0,7056,open,L
1653796.0,41858,unknown,L
1350244.0,31371,unknown,L
744769.0,43695,open,L
1240996.0,50387,open,L
541696.0,80838,open,L
1236544.0,45389,open,L
454276.0,93756,open,L
1153476.0,99814,open,W
29317.6,28258,open,D
5821.56,74319,open,D
37054.57,41829,open,D
1373584.0,46642,open,L
592900.0,24188,open,L
1040400.0,68987,unknown,L
1238769.0,67027,open,L
40941.5,39467,open,D
28561.84,69051,open,D
12281.63,67363,open,D
48378.15,74191,closed,D
33099.34,93219,open,D
8671.45,9212,open,D
21044.6,46602,open,D
9286.52,12269,unknown,D
2792241.0,81012,open,W
1435204.0,71182,open,W
35000.02,47547,open,D
3426201.0,21573,open,W
47303.43,47565,open,D
24761.23,96649,open,D
19537.88,10050,open,D
44482.62,480,open,D
31701.85,34804,open,D
29633.94,42328,open,D
29557.91,78205,open,D
29720.27,41505,open,D
29978.81,15530,unknown,D
11761.19,3220,closed,D
26056.87,59963,unknown,D
32028.77,85214,open,D
913936.0,55040,open,L
516961.0,27741,open,L
688900.0,75526,open,W
1817104.0,95612,open,W
767376.0,43415,closed,W
256036.0,64958,closed,W
10834.27,18669,open,D
58803.05,85251,open,D
28830.17,96487,open,D
3953.41,17842,open,D
30579.61,12458,open,D
75891.51,97866,closed,D
8028.3,98760,unknown,D
12278.9,86142,open,D
1373584.0,81593,open,L
1515361.0,87037,open,L
1016064.0,42511,open,L
751689.0,20285,open,L
833569.0,4603,open,L
968256.0,80588,open,L
855625.0,8716,open,W
950625.0,78621,open,W
2172676.0,72857,closed,W
2436721.0,51211,open,W
1238769.0,47826,open,W
1690000.0,84460,open,W
40681.99,15247,unknown,D
19260.7,87467,open,D
6971.89,98293,open,D
22001.93,37327,open,D
12178.57,20030,open,D
729316.0,41515,open,W
678976.0,10248,open,W
1299600.0,65160,open,W
15510.96,74765,open,D
6984.19,10441,open,D
33988.55,92652,open,D
5479.66,58165,open,D
11480.12,46557,open,D
1410.89,50098,closed,D
34689.07,58353,open,D
27172.61,95316,open,D
1320201.0,10263,closed,L
471969.0,70066,open,L
280900.0,77560,closed,L
844561.0,42803,unknown,L
117649.0,36517,open,W
90000.0,52224,open,W
9455.0,24650,closed,D
58556.64,7820,open,D
440896.0,29664,open,W
370881.0,61329,open,W
61113.91,83605,open,D
23509.56,63612,open,D
25502.54,74207,closed,D
26693.07,49591,unknown,D
22470.69,33179,open,D
7219.53,84176,open,D
34346.23,99100,open,D
69417.25,84689,open,D
440896.0,82017,open,W
26966.99,3553,open,D
22904.13,13081,open,D
15745.55,15533,open,D
46078.53,13655,open,D
8467.2,62553,open,D
11483.4,94582,open,D
18016.42,78630,open,D
33007.79,79281,closed,D
6033.81,61397,closed,D
4476.55,81260,open,D
33724.88,71577,open,D
56469.37,15965,open,D
24617.04,69741,open,D
41817.5,31829,open,D
28733.79,53050,open,D
998001.0,32488,closed,L
1216609.0,48708,open,L
1234321.0,40739,open,L
962361.0,24744,open,L
1089936.0,96915,open,L
760384.0,11613,open,L
906304.0,25585,open,L
1179396.0,18097,open,W
670761.0,97052,open,W
1397124.0,55273,open,W
1550025.0,19950,open,W
620944.0,77070,open,W
1510441.0,77563,open,W
220900.0,82074,open,W
21348.79,18885,open,D
20626.18,90373,open,D
40843.39,4686,open,D
31321.97,41179,open,D
1444804.0,11186,open,W
1276900.0,59284,open,W
36399.53,5168,open,D
25344.71,28096,open,D
5070.14,99567,open,D
25669.56,53736,closed,D
33999.53,99078,open,D
731025.0,48839,open,L
30633.69,49070,open,D
11663.73,44420,unknown,D
20229.44,20502,unknown,D
22171.62,97782,open,D
9219.6,73524,open,D
33735.61,92440,open,D
4013.46,82109,open,D
41218.41,47318,open,D
37688.29,29105,open,D
7002.38,40675,open,D
10882.48,51613,open,D
5915.27,56263,open,D
25086.21,30208,unknown,D
8237.57,35817,closed,D
3663.07,79626,closed,D
6433.0,72332,closed,D
1382976.0,67079,closed,L
1354896.0,89997,closed,L
643204.0,40271,open,W
394384.0,36030,open,W
1094116.0,82823,open,W
435600.0,76605,open,W
1170724.0,36363,open,W
1065024.0,93327,open,W
3038049.0,15622,open,W
1990921.0,15916,open,W
980100.0,79422,open,W
12609.06,63592,open,D
5107.92,47642,open,D
51729.25,59615,open,D
541696.0,34430,open,W
614656.0,29721,open,W
942841.0,28451,open,W
1776889.0,42372,open,W
635209.0,20155,open,W
1590121.0,2454,closed,W
11965.44,55114,open,D
8486.27,71131,open,D
984064.0,18194,open,W
2325625.0,66119,open,W
10290.24,74773,open,D
16410.56,71353,open,D
27168.7,81970,open,D
5379.73,91368,closed,D
54465.42,37847,open,D
7912.4,96526,open,D
32055.46,32652,open,D
896809.0,34123,open,W
29919.21,61862,open,D
31469.59,22304,open,D
25655.28,64205,open,D
54237.96,1240,open,D
26279.43,57088,closed,D
30270.85,99379,open,D
17621.38,26581,open,D
43241.05,88981,open,D
9317.45,41967,open,D
29326.85,45038,open,D
66205.57,31386,open,D
42299.29,20035,open,D
462400.0,12206,open,W
1285956.0,16180,open,W
1317904.0,26404,open,W
2202256.0,78169,open,W
8091.61,28044,open,D
47168.3,82967,open,D
20334.16,64445,open,D
42700.11,43358,closed,D
2191.76,34127,open,D
18856.62,14428,open,D
9246.86,22627,open,D
17169.62,34800,open,D
26056.38,76771,open,D
57472.21,4594,open,D
1734489.0,41497,open,W
833569.0,63565,open,W
900601.0,99733,open,W
17269.88,42154,open,D
39365.71,34207,unknown,D
26119.25,80736,open,D
18907.88,55829,open,D
20989.92,82439,open,D
17412.84,59313,open,D
10911.01,91605,open,D
16083.0,51948,closed,D
919681.0,16378,open,L
1190281.0,56924,open,L
2325625.0,97015,open,W
3122.49,48692,open,D
28808.46,71648,unknown,D
10469.83,64336,open,D
48229.65,77591,closed,D
14624.23,17199,open,D
37070.13,57373,open,D
925444.0,94005,open,L
1210000.0,434,open,L
19524.56,2017,unknown,D
43942.3,11016,open,D
10350.75,37154,open,D
7136.93,69262,open,D
426409.0,80806,open,L
18253.0,89384,open,D
26549.17,14693,closed,D
5395.2,1532,open,D
34831.73,65055,open,D
20792.73,81077,open,D
38291.35,7310,closed,D
11698.06,30207,open,D
919681.0,89638,closed,L
822649.0,11583,open,L
2405601.0,34083,open,L
708964.0,42359,open,L
1067089.0,6446,open,L
1432809.0,331,unknown,L
363609.0,16202,unknown,L
687241.0,29196,open,W
21533.92,53198,open,D
11510.48,14290,open,D
609961.0,14399,open,L
426409.0,74148,open,L
978121.0,57786,open,L
15572.85,55597,closed,D
28980.35,94933,open,D
37550.38,12970,open,D
37534.66,25440,closed,D
43025.72,85241,open,D
34460.47,16941,closed,D
23458.55,45106,open,D
35614.25,2450,open,D
25706.14,13966,open,D
25972.17,9163,closed,D
41042.3,50228,open,D
23710.1,88540,open,D
12930.47,97900,unknown,D
751689.0,80306,open,L
399424.0,26507,open,W
1008016.0,24313,open,W
131044.0,24229,open,W
210681.0,86040,closed,W
835396.0,26498,open,W
762129.0,701,open,W
33052.99,28799,open,D
26393.37,80351,open,D
42045.65,72294,open,D
20644.27,71418,open,D
23420.93,2141,open,D
14036.83,39972,open,D
16097.54,90891,open,D
17685.23,16121,closed,D
1542564.0,47043,closed,L
915849.0,47458,open,L
1416100.0,13349,open,L
889249.0,77548,open,L
705600.0,64792,open,L
2572816.0,28208,open,W
632025.0,84342,open,W
2910436.0,48351,open,W
46513.11,1409,open,D
7682.4,57519,open,D
15367.76,42668,open,D
250000.0,98543,closed,W
1498176.0,27878,open,W
675684.0,47656,open,W
1575025.0,61092,open,W
2157961.0,59421,closed,W
27764.53,23490,closed,D
15289.41,90250,open,D
11620.8,75330,open,D
51584.14,63756,closed,D
26432.0,73125,open,D
39375.82,75023,open,D
7815.39,91518,open,D
53086.91,62813,open,D
36548.53,34380,open,D
26179.83,7849,open,D
48234.26,17083,open,D
19222.47,81960,open,D
13136.79,46555,open,D
1014049.0,27747,open,L
950625.0,99868,open,L
1218816.0,40241,open,L
1359556.0,88714,open,L
887364.0,69292,open,W
309136.0,93159,open,W
54425.58,71061,open,D
21644.53,78510,open,D
15079.36,20443,open,D
20867.25,13488,open,D
384400.0,23586,open,L
1225449.0,50626,open,L
8212.46,75846,open,D
38582.25,68868,closed,D
674041.0,42153,open,L
22216.77,80173,unknown,D
27546.64,33505,open,D
18133.1,97209,open,D
22300.27,20319,open,D
2010724.0,33854,open,W
70021.95,20584,open,D
30481.7,27155,open,D
35171.48,76953,open,D
27940.1,55110,open,D
8448.83,48348,open,D
40716.87,98347,open,D
23175.19,33501,open,D
13667.19,3483,closed,D
429025.0,49018,closed,L
797449.0,9981,open,L
10815.09,25890,open,D
4353.4,94892,open,D
37025.04,25131,closed,D
28931.16,4874,open,D
31901.02,15710,open,D
19107.48,92491,unknown,D
49202.96,26141,open,D
15865.44,48307,open,D
14880.89,3223,open,D
22875.22,25441,open,D
23221.69,28439,open,D
66212.72,37152,open,D
18384.84,53424,closed,D
592900.0,12018,open,L
1127844.0,6651,closed,L
966289.0,19743,open,L
1871424.0,43082,unknown,L
776161.0,77580,open,L
431649.0,7598,open,W
15183.59,82023,open,D
68954.09,90572,closed,D
11573.52,9035,open,D
27793.11,72074,open,D
27595.94,3976,open,D
15445.39,82356,open,D
25874.76,76926,open,D
39948.61,91087,open,D
8858.78,77281,unknown,D
26126.84,61970,unknown,D
3252.77,60646,open,D
5956.78,88379,open,D
42998.92,30606,open,D
14529.34,88964,open,D
1000000.0,73170,open,L
553536.0,96653,open,L
586756.0,53897,open,L
1587600.0,37147,open,L
1763584.0,14511,open,W
24357.59,61007,unknown,D
18258.29,67589,open,D
31668.95,8282,open,D
26599.28,42699,open,D
1708249.0,42823,open,W
1416100.0,48857,open,W
1420864.0,670,open,W
1456849.0,79577,open,W
48114.54,55744,open,D
8478.23,48310,unknown,D
12862.34,12705,open,D
16380.25,69318,open,D
47350.26,759,open,D
20305.33,65427,open,D
20568.53,13410,open,D
11541.32,3255,open,D
28546.92,40506,open,D
12162.15,13639,open,D
1447209.0,13804,open,L
1790244.0,21086,open,L
184041.0,90689,open,W
1974025.0,87576,open,W
1343281.0,21102,open,W
770884.0,84217,open,W
438244.0,46611,open,W
16780.62,38757,open,D
26146.21,29781,open,D
1575025.0,36727,closed,W
1138489.0,43519,unknown,W
7347.09,49512,open,D
29.46,67972,open,D
22760.88,66026,open,D
1108809.0,64966,open,W
300304.0,21224,open,W
17570.99,23174,open,D
20291.29,37519,open,D
263169.0,16586,closed,W
996004.0,52936,closed,W
1495729.0,62656,open,L
1002001.0,4331,closed,W
24390.7,55446,open,D
14223.11,16259,unknown,D
59051.5,64754,open,D
38343.36,43088,unknown,D
30783.94,83964,open,D
36785.6,55509,open,D
819025.0,79969,open,W
806404.0,79008,open,W
1385329.0,24014,open,W
743044.0,11629,open,L
33539.26,77357,open,D
21991.42,7543,open,D
13881.34,67333,open,D
18341.31,24691,open,D
30102.88,11568,open,D
15218.87,89810,open,D
18417.95,70892,open,D
1382976.0,8881,open,W
1731856.0,97867,open,W
395641.0,79724,open,W
970225.0,90840,open,W
26059.93,74371,open,D
4291.54,93025,open,D
25205.04,62572,open,D
54027.8,13303,open,D
23679.94,19291,open,D
23310.73,98705,open,D
33945.47,93117,open,D
23410.5,82759,open,D
994009.0,24514,unknown,W
1240996.0,22453,unknown,L
1343281.0,71451,open,W
498436.0,92674,open,W
1144900.0,92406,open,W
9368.63,7501,open,D
39837.24,64137,open,D
2375.94,16155,open,D
23374.06,1783,closed,D
37892.03,24075,open,D
69430.96,87267,open,D
30759.91,37117,open,D
6570.76,66582,open,D
646416.0,29801,open,L
719104.0,8949,open,W
2835856.0,62891,unknown,W
452929.0,58515,closed,W
976144.0,67961,open,W
585225.0,40362,closed,W
26497.89,98009,open,D
17391.43,93623,open,D
28314.95,66481,open,D
11822.04,9755,open,D
574564.0,54486,open,W
1283689.0,56278,open,W
1600225.0,50660,open,W
627264.0,39862,open,W
1617984.0,31792,open,W
24918.42,14663,open,D
1129969.0,7943,open,L
1119364.0,27814,open,L
1113025.0,42019,unknown,L
410881.0,39587,open,L
1392400.0,85480,open,W
361201.0,74546,open,W
1096209.0,94068,open,W
101761.0,9668,open,W
1413721.0,20656,closed,W
998001.0,96684,unknown,W
1946025.0,94260,open,W
27118.95,37249,open,D
39047.93,48555,open,D
23198.97,69686,open,D
19453.21,79748,open,D
29911.37,9355,open,D
59812.14,80878,open,D
2453.89,47985,unknown,D
26724.61,35433,open,D
32778.7,78635,open,D
41392.14,75845,closed,D
1985281.0,80219,open,L
1102500.0,85141,open,L
857476.0,13732,open,L
582169.0,43801,closed,L
1065024.0,98374,open,W
874225.0,12824,open,W
410881.0,64817,open,W
418609.0,84630,open,W
35552.2,73517,open,D
10159.53,5071,open,D
19034.72,52045,open,D
23212.01,85452,open,D
29215.23,42755,closed,D
18700.99,64580,open,D
44436.15,9724,open,D
24918.46,75926,open,D
20421.02,23444,open,D
9346.6,91616,open,D
927369.0,71708,closed,L
313600.0,54297,open,L
564001.0,4592,open,L
656100.0,25583,open,L
511225.0,49452,open,L
290521.0,8283,open,W
1247689.0,20923,open,W
525625.0,19530,open,W
1530169.0,72951,open,W
23319.56,91362,open,D
29220.63,17283,open,D
25596.0,71474,open,D
51606.02,31323,open,D
9801.9,93642,open,D
44967.81,6015,open,D
7598.27,27036,open,D
3763.71,42903,open,D
37760.89,33643,open,D
13869.77,75562,open,D
628849.0,8056,open,L
913936.0,89843,open,L
11549.58,30968,open,D
40029.23,83174,open,D
33535.85,62085,open,D
47400.82,89310,closed,D
1149.66,16076,open,D
1540081.0,88009,open,L
462400.0,10524,open,L
846400.0,48429,open,L
26480.39,84854,closed,D
32033.9,72634,open,D
29567.27,90696,open,D
776161.0,15294,open,W
864900.0,20173,open,L
13833.24,70570,unknown,D
5300.41,55724,open,D
13024.07,4724,open,D
32342.0,33227,open,D
9139.25,62322,open,D
11197.9,46529,open,D
416025.0,53962,open,L
790321.0,78777,open,W
722500.0,56185,open,W
28615.32,33017,open,D
56168.33,47260,open,D
26079.29,49196,open,D
17525.69,37155,open,D
18045.48,37372,open,D
5205.12,68684,open,D
11193.96,70550,open,D
20614.61,31664,closed,D
19926.67,9693,open,D
497025.0,47058,closed,L
1505529.0,34020,open,L
942841.0,73498,open,L
659344.0,17187,open,L
1075369.0,33378,open,L
354025.0,77987,open,L
848241.0,58298,open,L
1836025.0,95690,open,W
1385329.0,47038,unknown,W
2910436.0,16888,open,W
793881.0,8221,open,W
96721.0,39716,open,W
10979.36,68769,open,D
68506.02,78756,open,D
12015.56,49307,open,D
16227.04,17741,closed,D
5814.46,58723,closed,D
10612.39,5398,closed,D
1311025.0,31465,unknown,L
665856.0,95961,open,L
842724.0,39852,open,L
744769.0,31784,open,L
324900.0,91998,open,L
921600.0,10905,open,W
1844164.0,22275,open,W
931225.0,94111,open,W
1159929.0,40351,unknown,W
34412.03,59291,unknown,D
28115.07,28361,unknown,D
1364224.0,31306,open,L
519841.0,753,open,W
1185921.0,3253,open,W
152881.0,47413,open,W
53200.47,79606,open,D
31912.01,75709,open,D
7382.54,99499,open,D
26690.34,48509,open,D
35259.13,95086,open,D
876.43,5588,open,D
28403.66,1496,open,D
17436.78,99137,open,D
21897.61,21948,open,D
423801.0,46938,open,W
792100.0,78681,open,W
47348.42,49876,unknown,D
42998.5,69260,unknown,D
35456.99,17657,open,D
74065.03,58080,open,D
51795.87,52627,open,D
1092025.0,83830,open,L
136161.0,86326,open,W
229441.0,10858,open,W
1454436.0,21859,open,W
1522756.0,61019,closed,W
964324.0,30537,open,W
4470.18,95403,open,D
30969.85,6085,open,D
28079.7,85778,open,D
29979.3,28586,open,D
27950.39,84697,open,D
499849.0,35951,unknown,W
1272384.0,81726,open,W
1060900.0,18015,open,W
908209.0,8686,open,W
39006.82,89079,open,D
14383.0,47570,closed,D
26361.59,18262,open,D
10330.35,64701,open,D
921600.0,88988,open,W
1461681.0,92582,open,W
2328676.0,28261,closed,W
1361889.0,46465,open,L
332929.0,15292,open,L
586756.0,77220,open,W
34020.5,24516,open,D
52089.33,35169,open,D
9581.82,27863,open,D
8813.52,65904,open,D
15524.23,91907,open,D
45385.66,34844,open,D
18632.99,37474,open,D
23117.61,66692,open,D
14391.63,92928,open,D
37428.87,3426,open,D
4626.56,22867,open,D
48980.29,89635,open,D
44300.1,15752,open,D
1317904.0,17368,closed,L
1359556.0,12961,open,L
31130.45,40918,open,D
53189.74,65101,open,D
12.14,30374,open,D
47105.74,64107,open,D
40366.11,21285,open,D
17969.04,33653,open,D
12107.07,52782,closed,D
41297.27,195,open,D
11645.79,20921,open,D
1281424.0,32368,open,L
1281424.0,43149,open,L
660969.0,54556,open,L
801025.0,52622,open,L
12840.14,17733,open,D
21731.85,46670,unknown,D
21096.16,94556,open,D
36763.31,34626,open,D
22179.38,36464,open,D
8928.61,98920,closed,D
11233.23,69430,open,D
21883.51,71729,open,D
609961.0,65888,open,L
613089.0,2794,open,L
1500625.0,75881,open,L
1073296.0,51341,closed,L
447561.0,4856,closed,L
1687401.0,45063,open,L
1452025.0,20044,open,W
741321.0,94118,open,W
1745041.0,49682,open,W
432964.0,73526,open,W
760384.0,78270,closed,W
5925.74,40606,closed,D
40076.68,15621,open,D
47.64,94516,open,D
32848.77,46871,open,D
18589.5,29215,open,D
23856.3,36120,open,D
13338.29,57448,open,D
906304.0,70203,open,L
1129969.0,13242,open,L
929296.0,54169,closed,L
734449.0,26527,open,L
1185921.0,70577,open,W
11427.37,96755,open,D
9827.31,67316,open,D
38338.87,74819,unknown,D
36412.57,68435,unknown,D
24623.52,79843,open,D
12931.33,10889,open,D
23486.46,58500,open,D
28119.41,66213,open,D
26291.56,56876,open,D
4481.88,15261,open,D
783225.0,16118,open,L
737881.0,82423,open,L
372100.0,21352,open,L
727609.0,90673,open,L
1172889.0,76196,open,L
772641.0,9830,open,W
625681.0,97362,open,W
429025.0,52437,open,W
50279.09,65916,open,D
29081.96,36555,open,D
20630.45,91735,open,D
784996.0,67555,open,W
36358.79,17141,open,D
8353.61,63947,open,D
3035.0,93806,open,D
336400.0,73023,open,W
524176.0,54183,open,W
312481.0,4973,open,W
62026.07,28370,open,D
5006.73,69782,open,D
16781.04,70286,open,D
47119.5,14138,open,D
21828.14,16582,open,D
31027.63,27902,closed,D
25168.45,36654,open,D
16494.96,35331,open,D
24855.24,48875,open,D
22287.08,75232,open,D
61971.51,84260,open,D
22289.75,18218,open,D
7436.27,42157,closed,D
35258.04,15539,closed,D
683929.0,53357,unknown,L
692224.0,22909,open,L
1425636.0,37158,open,L
974169.0,28955,closed,L
1249924.0,87802,open,W
404496.0,14143,open,W
1067089.0,47728,open,W
1272384.0,59592,open,W
1172889.0,83923,open,W
2292196.0,85179,open,W
12182.36,12788,open,D
10642.62,98530,open,D
30845.44,27927,open,D
29588.98,87796,open,D
69591.24,20579,open,D
8659.18,173,open,D
51458.82,73596,open,D
1270129.0,3844,open,L
595984.0,25002,open,L
1104601.0,36518,open,L
835396.0,97649,open,L
958441.0,87779,open,L
1192464.0,75076,open,W
355216.0,53252,open,W
23626.5,20079,closed,D
20445.12,12508,open,D
1201216.0,94430,open,W
27997.57,24891,open,D
7728.45,27986,open,D
624100.0,8472,open,L
24574.44,42432,closed,D
26671.73,34132,open,D
29692.52,15483,open,D
9720.82,40428,open,D
17099.78,39532,open,D
42950.85,91203,open,D
7813.63,71147,open,D
6368.83,84619,open,D
9661.27,75142,open,D
1207801.0,21330,open,L
490000.0,49243,open,L
1113025.0,35386,closed,W
202500.0,93449,open,W
1530169.0,5696,open,W
788544.0,97760,open,W
33175.89,82430,closed,D
6833.14,56794,open,D
24934.31,15901,closed,D
15044.87,61725,open,D
35154.21,94802,open,D
44693.67,24367,open,D
32094.26,98965,open,D
20447.51,36226,open,D
35844.4,76283,open,D
1760929.0,11659,open,L
772641.0,3089,closed,L
1083681.0,4647,open,L
1089936.0,63564,open,L
1221025.0,16775,open,W
46441.93,25192,unknown,D
51683.03,40659,open,D
13491.32,30573,open,D
6018.7,19180,open,D
1857769.0,34149,open,W
14986.8,52567,open,D
25539.45,54368,open,D
4882.78,93042,open,D
1283689.0,9898,closed,W
693889.0,85672,open,W
784996.0,49602,open,W
249001.0,11470,open,W
30631.99,23995,open,D
21044.11,76497,unknown,D
21391.19,91093,open,D
16582.72,78524,open,D
15050.1,42497,open,D
16149.22,79673,open,D
9861.04,28701,open,D
5198.58,70083,open,D
1580049.0,9088,closed,L
1170724.0,84102,open,W
1083681.0,5522,open,W
1175056.0,1288,open,W
682276.0,63792,open,W
1648656.0,29056,open,W
1313316.0,93483,open,W
1034289.0,98284,closed,L
37571.2,84863,open,D
36768.05,98165,open,D
8082.71,49489,open,D
15747.98,3061,open,D
1227664.0,43731,open,L
71499.18,8776,open,D
27990.16,33897,open,D
11179.31,13223,open,D
24013.24,88672,open,D
577600.0,37491,open,L
603729.0,48873,open,L
1485961.0,80812,open,L
19491.63,84983,open,D
44325.77,8747,open,D
34309.17,93350,open,D
24985.28,28395,open,D
40510.73,18420,open,D
26464.03,60529,open,D
38543.02,69876,open,D
25954.36,35391,open,D
53170.6,30297,closed,D
6839.64,82274,closed,D
1331716.0,4488,open,L
1196836.0,77567,open,L
19850.57,44768,open,D
13542.63,68842,open,D
55124.11,28826,open,D
52284.81,45439,open,D
17876.81,81094,open,D
22295.43,4540,unknown,D
876096.0,2792,unknown,W
13181.8,96924,open,D
16568.45,98821,open,D
8412.06,57367,open,D
13538.65,28835,open,D
22877.35,74481,open,D
12466.88,2501,open,D
36277.73,46763,open,D
21147.4,66663,open,D
20505.69,52367,open,D
26409.87,49447,closed,D
16162.7,30925,open,D
1005.09,87880,open,D
18415.68,14299,open,D
450241.0,56436,open,L
288369.0,14336,open,W
672400.0,55413,open,W
19620.22,10462,closed,D
5336.49,67484,open,D
16969.71,33850,open,D
56318.73,79938,open,D
619369.0,86252,closed,W
976144.0,42104,open,W
1295044.0,94948,open,W
597529.0,3736,open,W
1849600.0,69732,unknown,W
15870.03,91126,open,D
14589.8,76,open,D
40183.33,2048,open,D
29386.08,13573,open,D
745.77,42888,open,D
712336.0,18458,open,L
580644.0,38827,open,L
499849.0,39538,open,L
1054729.0,41301,open,L
29624.6,49836,closed,D
38513.88,94629,open,D
6042.3,50077,open,D
13100.49,39565,open,D
33342.68,94775,open,D
39612.85,33661,open,D
210681.0,61781,open,W
970225.0,39414,open,W
16735.17,7200,open,D
3200.11,26670,open,D
4378.66,21721,open,D
6553.36,53652,open,D
31573.3,40991,open,D
20735.39,79259,open,D
52576.4,2298,open,D
12728.99,11856,open,D
12361.51,56904,open,D
16487.39,33326,open,D
24458.66,31223,open,D
1144900.0,1149,open,L
1140624.0,68747,open,L
540225.0,13911,closed,L
1817104.0,69016,open,L
1276900.0,96645,unknown,L
1562500.0,10715,open,L
1065024.0,7774,open,L
898704.0,1840,open,L
797449.0,8559,open,W
1311025.0,51904,open,W
366025.0,27325,open,W
33038.86,8078,open,D
7895.48,23842,open,D
31069.97,71858,open,D
22477.95,88150,open,D
31167.25,27512,open,D
26082.99,53984,open,D
7793.58,91076,open,D
23565.76,82041,open,D
10534.49,9003,open,D
